Partition,Grundy (g),P/N-Position (Normal),Misere Value,P/N-Position (Misere),Uptimality,Game Depth,Winning Move Count,Winning Moves (Normal)
"1 1 1",1,N,Losing,P,3,3,1,"[R2C0]"
"2 1 1",3,N,Winning,N,3,4,1,"[R0C1,R2C0]"
"2 2 1",1,N,Winning,N,5,5,1,"[R2C0]"
"2 2 2",0,P,Losing,P,6,6,0,"N/A (P-position)"
"3 1 1",0,P,Losing,P,4,5,0,"N/A (P-position)"
"3 2 1",4,N,Winning,N,5,6,2,"[R1C1] / [R0C2,R2C0]"
"3 2 2",2,N,Winning,N,7,7,1,"[R0C2]"
"3 3 1",2,N,Winning,N,7,7,1,"[R2C0]"
"3 3 2",0,P,Losing,P,8,8,0,"N/A (P-position)"
"3 3 3",1,N,Winning,N,9,9,1,"[R2C2]"
"4 1 1",1,N,Winning,N,5,6,1,"[R0C3]"
"4 2 1",5,N,Winning,N,5,7,2,"[R0C3,R1C1] / [R2C0]"
"4 2 2",0,P,Losing,P,8,8,0,"N/A (P-position)"
"4 3 1",3,N,Winning,N,7,8,2,"[R0C3,R2C0] / [R1C2,R2C0]"
"4 3 2",1,N,Winning,N,9,9,2,"[R0C3] / [R1C2]"
"4 3 3",2,N,Winning,N,9,10,1,"[R0C3,R2C2]"
"4 4 1",1,N,Winning,N,9,9,1,"[R2C0]"
"4 4 2",0,P,Losing,P,10,10,0,"N/A (P-position)"
"4 4 3",3,N,Winning,N,11,11,1,"[R2C2]"
"4 4 4",0,P,Losing,P,12,12,0,"N/A (P-position)"
"5 1 1",0,P,Losing,P,6,7,0,"N/A (P-position)"
"5 2 1",4,N,Winning,N,7,8,2,"[R1C1] / [R0C4,R2C0]"
"5 2 2",1,N,Winning,N,9,9,1,"[R0C4]"
"5 3 1",6,N,Winning,N,7,9,1,"[R0C4,R1C2,R2C0]"
"5 3 2",2,N,Winning,N,9,10,1,"[R0C4,R1C2]"
"5 3 3",0,P,Losing,P,10,11,0,"N/A (P-position)"
"5 4 1",4,N,Winning,N,9,10,1,"[R0C4,R2C0]"
"5 4 2",5,N,Winning,N,11,11,1,"[R0C4]"
"5 4 3",4,N,Winning,N,11,12,2,"[R1C3] / [R0C4,R2C2]"
"5 4 4",1,N,Winning,N,13,13,1,"[R0C4]"
"5 5 1",2,N,Winning,N,11,11,1,"[R2C0]"
"5 5 2",0,P,Losing,P,12,12,0,"N/A (P-position)"
"5 5 3",1,N,Winning,N,13,13,1,"[R2C2]"
"5 5 4",0,P,Losing,P,14,14,0,"N/A (P-position)"
"5 5 5",1,N,Winning,N,15,15,1,"[R2C4]"
"6 1 1",1,N,Winning,N,7,8,1,"[R0C5]"
"6 2 1",5,N,Winning,N,7,9,2,"[R0C5,R1C1] / [R2C0]"
"6 2 2",0,P,Losing,P,10,10,0,"N/A (P-position)"
"6 3 1",7,N,Winning,N,9,10,1,"[R1C2,R2C0]"
"6 3 2",3,N,Winning,N,11,11,1,"[R1C2]"
"6 3 3",1,N,Winning,N,11,12,1,"[R0C5]"
"6 4 1",5,N,Winning,N,11,11,1,"[R2C0]"
"6 4 2",0,P,Losing,P,12,12,0,"N/A (P-position)"
"6 4 3",6,N,Winning,N,11,13,2,"[R0C5,R1C3] / [R2C2]"
"6 4 4",0,P,Losing,P,14,14,0,"N/A (P-position)"
"6 5 1",3,N,Winning,N,11,12,2,"[R0C5,R2C0] / [R1C4,R2C0]"
"6 5 2",1,N,Winning,N,13,13,2,"[R0C5] / [R1C4]"
"6 5 3",2,N,Winning,N,13,14,2,"[R0C5,R2C2] / [R1C4,R2C2]"
"6 5 4",3,N,Winning,N,15,15,2,"[R0C5] / [R1C4]"
"6 5 5",2,N,Winning,N,15,16,1,"[R0C5,R2C4]"
"6 6 1",1,N,Winning,N,13,13,1,"[R2C0]"
"6 6 2",0,P,Losing,P,14,14,0,"N/A (P-position)"
"6 6 3",3,N,Winning,N,15,15,1,"[R2C2]"
"6 6 4",0,P,Losing,P,16,16,0,"N/A (P-position)"
"6 6 5",1,N,Winning,N,17,17,1,"[R2C4]"
"6 6 6",0,P,Losing,P,18,18,0,"N/A (P-position)"
"7 1 1",0,P,Losing,P,8,9,0,"N/A (P-position)"
"7 2 1",4,N,Winning,N,9,10,2,"[R1C1] / [R0C6,R2C0]"
"7 2 2",1,N,Winning,N,11,11,1,"[R0C6]"
"7 3 1",6,N,Winning,N,9,11,1,"[R0C6,R1C2,R2C0]"
"7 3 2",2,N,Winning,N,11,12,1,"[R0C6,R1C2]"
"7 3 3",0,P,Losing,P,12,13,0,"N/A (P-position)"
"7 4 1",4,N,Winning,N,11,12,1,"[R0C6,R2C0]"
"7 4 2",1,N,Winning,N,13,13,1,"[R0C6]"
"7 4 3",4,N,Winning,N,13,14,2,"[R1C3] / [R0C6,R2C2]"
"7 4 4",1,N,Winning,N,15,15,1,"[R0C6]"
"7 5 1",6,N,Winning,N,11,13,1,"[R0C6,R1C4,R2C0]"
"7 5 2",2,N,Winning,N,13,14,1,"[R0C6,R1C4]"
"7 5 3",3,N,Winning,N,13,15,1,"[R0C6,R1C4,R2C2]"
"7 5 4",5,N,Winning,N,15,16,1,"[R0C6,R1C4]"
"7 5 5",0,P,Losing,P,16,17,0,"N/A (P-position)"
"7 6 1",4,N,Winning,N,13,14,1,"[R0C6,R2C0]"
"7 6 2",5,N,Winning,N,15,15,1,"[R0C6]"
"7 6 3",4,N,Winning,N,15,16,1,"[R0C6,R2C2]"
"7 6 4",1,N,Winning,N,17,17,1,"[R0C6]"
"7 6 5",4,N,Winning,N,17,18,2,"[R1C5] / [R0C6,R2C4]"
"7 6 6",2,N,Winning,N,19,19,1,"[R0C6]"
"7 7 1",2,N,Winning,N,15,15,1,"[R2C0]"
"7 7 2",0,P,Losing,P,16,16,0,"N/A (P-position)"
"7 7 3",1,N,Winning,N,17,17,1,"[R2C2]"
"7 7 4",0,P,Losing,P,18,18,0,"N/A (P-position)"
"7 7 5",2,N,Winning,N,19,19,1,"[R2C4]"
"7 7 6",0,P,Losing,P,20,20,0,"N/A (P-position)"
"7 7 7",1,N,Winning,N,21,21,1,"[R2C6]"
"8 1 1",1,N,Winning,N,9,10,1,"[R0C7]"
"8 2 1",5,N,Winning,N,9,11,2,"[R0C7,R1C1] / [R2C0]"
"8 2 2",0,P,Losing,P,12,12,0,"N/A (P-position)"
"8 3 1",7,N,Winning,N,11,12,1,"[R1C2,R2C0]"
"8 3 2",3,N,Winning,N,13,13,1,"[R1C2]"
"8 3 3",1,N,Winning,N,13,14,1,"[R0C7]"
"8 4 1",5,N,Winning,N,13,13,1,"[R2C0]"
"8 4 2",0,P,Losing,P,14,14,0,"N/A (P-position)"
"8 4 3",5,N,Winning,N,13,15,2,"[R0C7,R1C3] / [R2C2]"
"8 4 4",0,P,Losing,P,16,16,0,"N/A (P-position)"
"8 5 1",7,N,Winning,N,13,14,1,"[R1C4,R2C0]"
"8 5 2",3,N,Winning,N,15,15,1,"[R1C4]"
"8 5 3",6,N,Winning,N,15,16,1,"[R1C4,R2C2]"
"8 5 4",2,N,Winning,N,17,17,1,"[R1C4]"
"8 5 5",1,N,Winning,N,17,18,1,"[R0C7]"
"8 6 1",5,N,Winning,N,15,15,1,"[R2C0]"
"8 6 2",0,P,Losing,P,16,16,0,"N/A (P-position)"
"8 6 3",1,N,Winning,N,17,17,1,"[R2C2]"
"8 6 4",0,P,Losing,P,18,18,0,"N/A (P-position)"
"8 6 5",3,N,Winning,N,17,19,2,"[R0C7,R1C5] / [R2C4]"
"8 6 6",0,P,Losing,P,20,20,0,"N/A (P-position)"
"8 7 1",3,N,Winning,N,15,16,2,"[R0C7,R2C0] / [R1C6,R2C0]"
"8 7 2",1,N,Winning,N,17,17,2,"[R0C7] / [R1C6]"
"8 7 3",2,N,Winning,N,17,18,2,"[R0C7,R2C2] / [R1C6,R2C2]"
"8 7 4",3,N,Winning,N,19,19,2,"[R0C7] / [R1C6]"
"8 7 5",5,N,Winning,N,19,20,2,"[R0C7,R2C4] / [R1C6,R2C4]"
"8 7 6",1,N,Winning,N,21,21,2,"[R0C7] / [R1C6]"
"8 7 7",2,N,Winning,N,21,22,1,"[R0C7,R2C6]"
"8 8 1",1,N,Winning,N,17,17,1,"[R2C0]"
"8 8 2",0,P,Losing,P,18,18,0,"N/A (P-position)"
"8 8 3",3,N,Winning,N,19,19,1,"[R2C2]"
"8 8 4",0,P,Losing,P,20,20,0,"N/A (P-position)"
"8 8 5",1,N,Winning,N,21,21,1,"[R2C4]"
"8 8 6",0,P,Losing,P,22,22,0,"N/A (P-position)"
"8 8 7",3,N,Winning,N,23,23,1,"[R2C6]"
"8 8 8",0,P,Losing,P,24,24,0,"N/A (P-position)"
"9 1 1",0,P,Losing,P,10,11,0,"N/A (P-position)"
"9 2 1",4,N,Winning,N,11,12,2,"[R1C1] / [R0C8,R2C0]"
"9 2 2",1,N,Winning,N,13,13,1,"[R0C8]"
"9 3 1",6,N,Winning,N,11,13,1,"[R0C8,R1C2,R2C0]"
"9 3 2",2,N,Winning,N,13,14,1,"[R0C8,R1C2]"
"9 3 3",0,P,Losing,P,14,15,0,"N/A (P-position)"
"9 4 1",4,N,Winning,N,13,14,1,"[R0C8,R2C0]"
"9 4 2",1,N,Winning,N,15,15,1,"[R0C8]"
"9 4 3",4,N,Winning,N,15,16,2,"[R1C3] / [R0C8,R2C2]"
"9 4 4",1,N,Winning,N,17,17,1,"[R0C8]"
"9 5 1",6,N,Winning,N,13,15,1,"[R0C8,R1C4,R2C0]"
"9 5 2",2,N,Winning,N,15,16,1,"[R0C8,R1C4]"
"9 5 3",7,N,Winning,N,15,17,1,"[R0C8,R1C4,R2C2]"
"9 5 4",3,N,Winning,N,17,18,1,"[R0C8,R1C4]"
"9 5 5",0,P,Losing,P,18,19,0,"N/A (P-position)"
"9 6 1",4,N,Winning,N,15,16,1,"[R0C8,R2C0]"
"9 6 2",1,N,Winning,N,17,17,1,"[R0C8]"
"9 6 3",4,N,Winning,N,17,18,1,"[R0C8,R2C2]"
"9 6 4",5,N,Winning,N,19,19,1,"[R0C8]"
"9 6 5",4,N,Winning,N,19,20,2,"[R1C5] / [R0C8,R2C4]"
"9 6 6",1,N,Winning,N,21,21,1,"[R0C8]"
"9 7 1",6,N,Winning,N,15,17,1,"[R0C8,R1C6,R2C0]"
"9 7 2",2,N,Winning,N,17,18,1,"[R0C8,R1C6]"
"9 7 3",3,N,Winning,N,17,19,1,"[R0C8,R1C6,R2C2]"
"9 7 4",6,N,Winning,N,19,20,1,"[R0C8,R1C6]"
"9 7 5",1,N,Winning,N,19,21,1,"[R0C8,R1C6,R2C4]"
"9 7 6",2,N,Winning,N,21,22,1,"[R0C8,R1C6]"
"9 7 7",0,P,Losing,P,22,23,0,"N/A (P-position)"
"9 8 1",4,N,Winning,N,17,18,1,"[R0C8,R2C0]"
"9 8 2",5,N,Winning,N,19,19,1,"[R0C8]"
"9 8 3",4,N,Winning,N,19,20,1,"[R0C8,R2C2]"
"9 8 4",1,N,Winning,N,21,21,1,"[R0C8]"
"9 8 5",2,N,Winning,N,21,22,1,"[R0C8,R2C4]"
"9 8 6",3,N,Winning,N,23,23,1,"[R0C8]"
"9 8 7",4,N,Winning,N,23,24,2,"[R1C7] / [R0C8,R2C6]"
"9 8 8",1,N,Winning,N,25,25,1,"[R0C8]"
"9 9 1",2,N,Winning,N,19,19,1,"[R2C0]"
"9 9 2",0,P,Losing,P,20,20,0,"N/A (P-position)"
"9 9 3",1,N,Winning,N,21,21,1,"[R2C2]"
"9 9 4",0,P,Losing,P,22,22,0,"N/A (P-position)"
"9 9 5",3,N,Winning,N,23,23,1,"[R2C4]"
"9 9 6",0,P,Losing,P,24,24,0,"N/A (P-position)"
"9 9 7",1,N,Winning,N,25,25,1,"[R2C6]"
"9 9 8",0,P,Losing,P,26,26,0,"N/A (P-position)"
"9 9 9",1,N,Winning,N,27,27,1,"[R2C8]"
"10 1 1",1,N,Winning,N,11,12,1,"[R0C9]"
"10 2 1",5,N,Winning,N,11,13,2,"[R0C9,R1C1] / [R2C0]"
"10 2 2",0,P,Losing,P,14,14,0,"N/A (P-position)"
"10 3 1",7,N,Winning,N,13,14,1,"[R1C2,R2C0]"
"10 3 2",3,N,Winning,N,15,15,1,"[R1C2]"
"10 3 3",1,N,Winning,N,15,16,1,"[R0C9]"
"10 4 1",5,N,Winning,N,15,15,1,"[R2C0]"
"10 4 2",0,P,Losing,P,16,16,0,"N/A (P-position)"
"10 4 3",5,N,Winning,N,15,17,2,"[R0C9,R1C3] / [R2C2]"
"10 4 4",0,P,Losing,P,18,18,0,"N/A (P-position)"
"10 5 1",7,N,Winning,N,15,16,1,"[R1C4,R2C0]"
"10 5 2",3,N,Winning,N,17,17,1,"[R1C4]"
"10 5 3",6,N,Winning,N,17,18,1,"[R1C4,R2C2]"
"10 5 4",2,N,Winning,N,19,19,1,"[R1C4]"
"10 5 5",1,N,Winning,N,19,20,1,"[R0C9]"
"10 6 1",5,N,Winning,N,17,17,1,"[R2C0]"
"10 6 2",0,P,Losing,P,18,18,0,"N/A (P-position)"
"10 6 3",5,N,Winning,N,19,19,1,"[R2C2]"
"10 6 4",0,P,Losing,P,20,20,0,"N/A (P-position)"
"10 6 5",6,N,Winning,N,19,21,2,"[R0C9,R1C5] / [R2C4]"
"10 6 6",0,P,Losing,P,22,22,0,"N/A (P-position)"
"10 7 1",7,N,Winning,N,17,18,1,"[R1C6,R2C0]"
"10 7 2",3,N,Winning,N,19,19,1,"[R1C6]"
"10 7 3",6,N,Winning,N,19,20,1,"[R1C6,R2C2]"
"10 7 4",1,N,Winning,N,21,21,1,"[R1C6]"
"10 7 5",2,N,Winning,N,21,22,1,"[R1C6,R2C4]"
"10 7 6",3,N,Winning,N,23,23,1,"[R1C6]"
"10 7 7",1,N,Winning,N,23,24,1,"[R0C9]"
"10 8 1",5,N,Winning,N,19,19,1,"[R2C0]"
"10 8 2",0,P,Losing,P,20,20,0,"N/A (P-position)"
"10 8 3",1,N,Winning,N,21,21,1,"[R2C2]"
"10 8 4",0,P,Losing,P,22,22,0,"N/A (P-position)"
"10 8 5",3,N,Winning,N,23,23,1,"[R2C4]"
"10 8 6",0,P,Losing,P,24,24,0,"N/A (P-position)"
"10 8 7",5,N,Winning,N,23,25,2,"[R0C9,R1C7] / [R2C6]"
"10 8 8",0,P,Losing,P,26,26,0,"N/A (P-position)"
"10 9 1",3,N,Winning,N,19,20,2,"[R0C9,R2C0] / [R1C8,R2C0]"
"10 9 2",1,N,Winning,N,21,21,2,"[R0C9] / [R1C8]"
"10 9 3",2,N,Winning,N,21,22,2,"[R0C9,R2C2] / [R1C8,R2C2]"
"10 9 4",3,N,Winning,N,23,23,2,"[R0C9] / [R1C8]"
"10 9 5",4,N,Winning,N,23,24,2,"[R0C9,R2C4] / [R1C8,R2C4]"
"10 9 6",1,N,Winning,N,25,25,2,"[R0C9] / [R1C8]"
"10 9 7",2,N,Winning,N,25,26,2,"[R0C9,R2C6] / [R1C8,R2C6]"
"10 9 8",3,N,Winning,N,27,27,2,"[R0C9] / [R1C8]"
"10 9 9",2,N,Winning,N,27,28,1,"[R0C9,R2C8]"
"10 10 1",1,N,Winning,N,21,21,1,"[R2C0]"
"10 10 2",0,P,Losing,P,22,22,0,"N/A (P-position)"
"10 10 3",3,N,Winning,N,23,23,1,"[R2C2]"
"10 10 4",0,P,Losing,P,24,24,0,"N/A (P-position)"
"10 10 5",1,N,Winning,N,25,25,1,"[R2C4]"
"10 10 6",0,P,Losing,P,26,26,0,"N/A (P-position)"
"10 10 7",3,N,Winning,N,27,27,1,"[R2C6]"
"10 10 8",0,P,Losing,P,28,28,0,"N/A (P-position)"
"10 10 9",1,N,Winning,N,29,29,1,"[R2C8]"
"10 10 10",0,P,Losing,P,30,30,0,"N/A (P-position)"
"11 1 1",0,P,Losing,P,12,13,0,"N/A (P-position)"
"11 2 1",4,N,Winning,N,13,14,2,"[R1C1] / [R0C10,R2C0]"
"11 2 2",1,N,Winning,N,15,15,1,"[R0C10]"
"11 3 1",6,N,Winning,N,13,15,1,"[R0C10,R1C2,R2C0]"
"11 3 2",2,N,Winning,N,15,16,1,"[R0C10,R1C2]"
"11 3 3",0,P,Losing,P,16,17,0,"N/A (P-position)"
"11 4 1",4,N,Winning,N,15,16,1,"[R0C10,R2C0]"
"11 4 2",1,N,Winning,N,17,17,1,"[R0C10]"
"11 4 3",4,N,Winning,N,17,18,2,"[R1C3] / [R0C10,R2C2]"
"11 4 4",1,N,Winning,N,19,19,1,"[R0C10]"
"11 5 1",6,N,Winning,N,15,17,1,"[R0C10,R1C4,R2C0]"
"11 5 2",2,N,Winning,N,17,18,1,"[R0C10,R1C4]"
"11 5 3",7,N,Winning,N,17,19,1,"[R0C10,R1C4,R2C2]"
"11 5 4",3,N,Winning,N,19,20,1,"[R0C10,R1C4]"
"11 5 5",0,P,Losing,P,20,21,0,"N/A (P-position)"
"11 6 1",4,N,Winning,N,17,18,1,"[R0C10,R2C0]"
"11 6 2",1,N,Winning,N,19,19,1,"[R0C10]"
"11 6 3",4,N,Winning,N,19,20,1,"[R0C10,R2C2]"
"11 6 4",1,N,Winning,N,21,21,1,"[R0C10]"
"11 6 5",4,N,Winning,N,21,22,2,"[R1C5] / [R0C10,R2C4]"
"11 6 6",1,N,Winning,N,23,23,1,"[R0C10]"
"11 7 1",6,N,Winning,N,17,19,1,"[R0C10,R1C6,R2C0]"
"11 7 2",2,N,Winning,N,19,20,1,"[R0C10,R1C6]"
"11 7 3",7,N,Winning,N,19,21,1,"[R0C10,R1C6,R2C2]"
"11 7 4",2,N,Winning,N,21,22,1,"[R0C10,R1C6]"
"11 7 5",3,N,Winning,N,21,23,1,"[R0C10,R1C6,R2C4]"
"11 7 6",5,N,Winning,N,23,24,1,"[R0C10,R1C6]"
"11 7 7",0,P,Losing,P,24,25,0,"N/A (P-position)"
"11 8 1",4,N,Winning,N,19,20,1,"[R0C10,R2C0]"
"11 8 2",1,N,Winning,N,21,21,1,"[R0C10]"
"11 8 3",4,N,Winning,N,21,22,1,"[R0C10,R2C2]"
"11 8 4",3,N,Winning,N,23,23,1,"[R0C10]"
"11 8 5",4,N,Winning,N,23,24,1,"[R0C10,R2C4]"
"11 8 6",1,N,Winning,N,25,25,1,"[R0C10]"
"11 8 7",2,N,Winning,N,25,26,2,"[R1C7] / [R0C10,R2C6]"
"11 8 8",1,N,Winning,N,27,27,1,"[R0C10]"
"11 9 1",6,N,Winning,N,19,21,1,"[R0C10,R1C8,R2C0]"
"11 9 2",2,N,Winning,N,21,22,1,"[R0C10,R1C8]"
"11 9 3",3,N,Winning,N,21,23,1,"[R0C10,R1C8,R2C2]"
"11 9 4",5,N,Winning,N,23,24,1,"[R0C10,R1C8]"
"11 9 5",1,N,Winning,N,23,25,1,"[R0C10,R1C8,R2C4]"
"11 9 6",2,N,Winning,N,25,26,1,"[R0C10,R1C8]"
"11 9 7",3,N,Winning,N,25,27,1,"[R0C10,R1C8,R2C6]"
"11 9 8",4,N,Winning,N,27,28,1,"[R0C10,R1C8]"
"11 9 9",0,P,Losing,P,28,29,0,"N/A (P-position)"
"11 10 1",4,N,Winning,N,21,22,1,"[R0C10,R2C0]"
"11 10 2",5,N,Winning,N,23,23,1,"[R0C10]"
"11 10 3",4,N,Winning,N,23,24,1,"[R0C10,R2C2]"
"11 10 4",1,N,Winning,N,25,25,1,"[R0C10]"
"11 10 5",2,N,Winning,N,25,26,1,"[R0C10,R2C4]"
"11 10 6",3,N,Winning,N,27,27,1,"[R0C10]"
"11 10 7",4,N,Winning,N,27,28,1,"[R0C10,R2C6]"
"11 10 8",1,N,Winning,N,29,29,1,"[R0C10]"
"11 10 9",5,N,Winning,N,29,30,2,"[R1C9] / [R0C10,R2C8]"
"11 10 10",2,N,Winning,N,31,31,1,"[R0C10]"
"11 11 1",2,N,Winning,N,23,23,1,"[R2C0]"
"11 11 2",0,P,Losing,P,24,24,0,"N/A (P-position)"
"11 11 3",1,N,Winning,N,25,25,1,"[R2C2]"
"11 11 4",0,P,Losing,P,26,26,0,"N/A (P-position)"
"11 11 5",3,N,Winning,N,27,27,1,"[R2C4]"
"11 11 6",0,P,Losing,P,28,28,0,"N/A (P-position)"
"11 11 7",1,N,Winning,N,29,29,1,"[R2C6]"
"11 11 8",0,P,Losing,P,30,30,0,"N/A (P-position)"
"11 11 9",2,N,Winning,N,31,31,1,"[R2C8]"
"11 11 10",0,P,Losing,P,32,32,0,"N/A (P-position)"
"11 11 11",1,N,Winning,N,33,33,1,"[R2C10]"
"12 1 1",1,N,Winning,N,13,14,1,"[R0C11]"
"12 2 1",5,N,Winning,N,13,15,2,"[R0C11,R1C1] / [R2C0]"
"12 2 2",0,P,Losing,P,16,16,0,"N/A (P-position)"
"12 3 1",7,N,Winning,N,15,16,1,"[R1C2,R2C0]"
"12 3 2",3,N,Winning,N,17,17,1,"[R1C2]"
"12 3 3",1,N,Winning,N,17,18,1,"[R0C11]"
"12 4 1",5,N,Winning,N,17,17,1,"[R2C0]"
"12 4 2",0,P,Losing,P,18,18,0,"N/A (P-position)"
"12 4 3",5,N,Winning,N,17,19,2,"[R0C11,R1C3] / [R2C2]"
"12 4 4",0,P,Losing,P,20,20,0,"N/A (P-position)"
"12 5 1",7,N,Winning,N,17,18,1,"[R1C4,R2C0]"
"12 5 2",3,N,Winning,N,19,19,1,"[R1C4]"
"12 5 3",6,N,Winning,N,19,20,1,"[R1C4,R2C2]"
"12 5 4",2,N,Winning,N,21,21,1,"[R1C4]"
"12 5 5",1,N,Winning,N,21,22,1,"[R0C11]"
"12 6 1",5,N,Winning,N,19,19,1,"[R2C0]"
"12 6 2",0,P,Losing,P,20,20,0,"N/A (P-position)"
"12 6 3",5,N,Winning,N,21,21,1,"[R2C2]"
"12 6 4",0,P,Losing,P,22,22,0,"N/A (P-position)"
"12 6 5",5,N,Winning,N,21,23,2,"[R0C11,R1C5] / [R2C4]"
"12 6 6",0,P,Losing,P,24,24,0,"N/A (P-position)"
"12 7 1",7,N,Winning,N,19,20,1,"[R1C6,R2C0]"
"12 7 2",3,N,Winning,N,21,21,1,"[R1C6]"
"12 7 3",6,N,Winning,N,21,22,1,"[R1C6,R2C2]"
"12 7 4",3,N,Winning,N,23,23,1,"[R1C6]"
"12 7 5",6,N,Winning,N,23,24,1,"[R1C6,R2C4]"
"12 7 6",2,N,Winning,N,25,25,1,"[R1C6]"
"12 7 7",1,N,Winning,N,25,26,1,"[R0C11]"
"12 8 1",5,N,Winning,N,21,21,1,"[R2C0]"
"12 8 2",0,P,Losing,P,22,22,0,"N/A (P-position)"
"12 8 3",5,N,Winning,N,23,23,1,"[R2C2]"
"12 8 4",0,P,Losing,P,24,24,0,"N/A (P-position)"
"12 8 5",1,N,Winning,N,25,25,1,"[R2C4]"
"12 8 6",0,P,Losing,P,26,26,0,"N/A (P-position)"
"12 8 7",3,N,Winning,N,25,27,2,"[R0C11,R1C7] / [R2C6]"
"12 8 8",0,P,Losing,P,28,28,0,"N/A (P-position)"
"12 9 1",7,N,Winning,N,21,22,1,"[R1C8,R2C0]"
"12 9 2",3,N,Winning,N,23,23,1,"[R1C8]"
"12 9 3",6,N,Winning,N,23,24,1,"[R1C8,R2C2]"
"12 9 4",1,N,Winning,N,25,25,1,"[R1C8]"
"12 9 5",2,N,Winning,N,25,26,1,"[R1C8,R2C4]"
"12 9 6",3,N,Winning,N,27,27,1,"[R1C8]"
"12 9 7",4,N,Winning,N,27,28,1,"[R1C8,R2C6]"
"12 9 8",5,N,Winning,N,29,29,1,"[R1C8]"
"12 9 9",1,N,Winning,N,29,30,1,"[R0C11]"
"12 10 1",5,N,Winning,N,23,23,1,"[R2C0]"
"12 10 2",0,P,Losing,P,24,24,0,"N/A (P-position)"
"12 10 3",1,N,Winning,N,25,25,1,"[R2C2]"
"12 10 4",0,P,Losing,P,26,26,0,"N/A (P-position)"
"12 10 5",3,N,Winning,N,27,27,1,"[R2C4]"
"12 10 6",0,P,Losing,P,28,28,0,"N/A (P-position)"
"12 10 7",1,N,Winning,N,29,29,1,"[R2C6]"
"12 10 8",0,P,Losing,P,30,30,0,"N/A (P-position)"
"12 10 9",2,N,Winning,N,29,31,2,"[R0C11,R1C9] / [R2C8]"
"12 10 10",0,P,Losing,P,32,32,0,"N/A (P-position)"
"12 11 1",3,N,Winning,N,23,24,2,"[R0C11,R2C0] / [R1C10,R2C0]"
"12 11 2",1,N,Winning,N,25,25,2,"[R0C11] / [R1C10]"
"12 11 3",2,N,Winning,N,25,26,2,"[R0C11,R2C2] / [R1C10,R2C2]"
"12 11 4",3,N,Winning,N,27,27,2,"[R0C11] / [R1C10]"
"12 11 5",4,N,Winning,N,27,28,2,"[R0C11,R2C4] / [R1C10,R2C4]"
"12 11 6",1,N,Winning,N,29,29,2,"[R0C11] / [R1C10]"
"12 11 7",2,N,Winning,N,29,30,2,"[R0C11,R2C6] / [R1C10,R2C6]"
"12 11 8",3,N,Winning,N,31,31,2,"[R0C11] / [R1C10]"
"12 11 9",4,N,Winning,N,31,32,2,"[R0C11,R2C8] / [R1C10,R2C8]"
"12 11 10",1,N,Winning,N,33,33,2,"[R0C11] / [R1C10]"
"12 11 11",2,N,Winning,N,33,34,1,"[R0C11,R2C10]"
"12 12 1",1,N,Winning,N,25,25,1,"[R2C0]"
"12 12 2",0,P,Losing,P,26,26,0,"N/A (P-position)"
"12 12 3",3,N,Winning,N,27,27,1,"[R2C2]"
"12 12 4",0,P,Losing,P,28,28,0,"N/A (P-position)"
"12 12 5",1,N,Winning,N,29,29,1,"[R2C4]"
"12 12 6",0,P,Losing,P,30,30,0,"N/A (P-position)"
"12 12 7",3,N,Winning,N,31,31,1,"[R2C6]"
"12 12 8",0,P,Losing,P,32,32,0,"N/A (P-position)"
"12 12 9",1,N,Winning,N,33,33,1,"[R2C8]"
"12 12 10",0,P,Losing,P,34,34,0,"N/A (P-position)"
"12 12 11",3,N,Winning,N,35,35,1,"[R2C10]"
"12 12 12",0,P,Losing,P,36,36,0,"N/A (P-position)"
"13 1 1",0,P,Losing,P,14,15,0,"N/A (P-position)"
"13 2 1",4,N,Winning,N,15,16,2,"[R1C1] / [R0C12,R2C0]"
"13 2 2",1,N,Winning,N,17,17,1,"[R0C12]"
"13 3 1",6,N,Winning,N,15,17,1,"[R0C12,R1C2,R2C0]"
"13 3 2",2,N,Winning,N,17,18,1,"[R0C12,R1C2]"
"13 3 3",0,P,Losing,P,18,19,0,"N/A (P-position)"
"13 4 1",4,N,Winning,N,17,18,1,"[R0C12,R2C0]"
"13 4 2",1,N,Winning,N,19,19,1,"[R0C12]"
"13 4 3",4,N,Winning,N,19,20,2,"[R1C3] / [R0C12,R2C2]"
"13 4 4",1,N,Winning,N,21,21,1,"[R0C12]"
"13 5 1",6,N,Winning,N,17,19,1,"[R0C12,R1C4,R2C0]"
"13 5 2",2,N,Winning,N,19,20,1,"[R0C12,R1C4]"
"13 5 3",7,N,Winning,N,19,21,1,"[R0C12,R1C4,R2C2]"
"13 5 4",3,N,Winning,N,21,22,1,"[R0C12,R1C4]"
"13 5 5",0,P,Losing,P,22,23,0,"N/A (P-position)"
"13 6 1",4,N,Winning,N,19,20,1,"[R0C12,R2C0]"
"13 6 2",1,N,Winning,N,21,21,1,"[R0C12]"
"13 6 3",4,N,Winning,N,21,22,1,"[R0C12,R2C2]"
"13 6 4",1,N,Winning,N,23,23,1,"[R0C12]"
"13 6 5",4,N,Winning,N,23,24,2,"[R1C5] / [R0C12,R2C4]"
"13 6 6",1,N,Winning,N,25,25,1,"[R0C12]"
"13 7 1",6,N,Winning,N,19,21,1,"[R0C12,R1C6,R2C0]"
"13 7 2",2,N,Winning,N,21,22,1,"[R0C12,R1C6]"
"13 7 3",7,N,Winning,N,21,23,1,"[R0C12,R1C6,R2C2]"
"13 7 4",2,N,Winning,N,23,24,1,"[R0C12,R1C6]"
"13 7 5",7,N,Winning,N,23,25,1,"[R0C12,R1C6,R2C4]"
"13 7 6",3,N,Winning,N,25,26,1,"[R0C12,R1C6]"
"13 7 7",0,P,Losing,P,26,27,0,"N/A (P-position)"
"13 8 1",4,N,Winning,N,21,22,1,"[R0C12,R2C0]"
"13 8 2",1,N,Winning,N,23,23,1,"[R0C12]"
"13 8 3",4,N,Winning,N,23,24,1,"[R0C12,R2C2]"
"13 8 4",1,N,Winning,N,25,25,1,"[R0C12]"
"13 8 5",4,N,Winning,N,25,26,1,"[R0C12,R2C4]"
"13 8 6",5,N,Winning,N,27,27,1,"[R0C12]"
"13 8 7",4,N,Winning,N,27,28,2,"[R1C7] / [R0C12,R2C6]"
"13 8 8",1,N,Winning,N,29,29,1,"[R0C12]"
"13 9 1",6,N,Winning,N,21,23,1,"[R0C12,R1C8,R2C0]"
"13 9 2",2,N,Winning,N,23,24,1,"[R0C12,R1C8]"
"13 9 3",7,N,Winning,N,23,25,1,"[R0C12,R1C8,R2C2]"
"13 9 4",2,N,Winning,N,25,26,1,"[R0C12,R1C8]"
"13 9 5",3,N,Winning,N,25,27,1,"[R0C12,R1C8,R2C4]"
"13 9 6",6,N,Winning,N,27,28,1,"[R0C12,R1C8]"
"13 9 7",1,N,Winning,N,27,29,1,"[R0C12,R1C8,R2C6]"
"13 9 8",2,N,Winning,N,29,30,1,"[R0C12,R1C8]"
"13 9 9",0,P,Losing,P,30,31,0,"N/A (P-position)"
"13 10 1",4,N,Winning,N,23,24,1,"[R0C12,R2C0]"
"13 10 2",1,N,Winning,N,25,25,1,"[R0C12]"
"13 10 3",4,N,Winning,N,25,26,1,"[R0C12,R2C2]"
"13 10 4",3,N,Winning,N,27,27,1,"[R0C12]"
"13 10 5",4,N,Winning,N,27,28,1,"[R0C12,R2C4]"
"13 10 6",1,N,Winning,N,29,29,1,"[R0C12]"
"13 10 7",2,N,Winning,N,29,30,1,"[R0C12,R2C6]"
"13 10 8",3,N,Winning,N,31,31,1,"[R0C12]"
"13 10 9",4,N,Winning,N,31,32,2,"[R1C9] / [R0C12,R2C8]"
"13 10 10",1,N,Winning,N,33,33,1,"[R0C12]"
"13 11 1",6,N,Winning,N,23,25,1,"[R0C12,R1C10,R2C0]"
"13 11 2",2,N,Winning,N,25,26,1,"[R0C12,R1C10]"
"13 11 3",3,N,Winning,N,25,27,1,"[R0C12,R1C10,R2C2]"
"13 11 4",5,N,Winning,N,27,28,1,"[R0C12,R1C10]"
"13 11 5",1,N,Winning,N,27,29,1,"[R0C12,R1C10,R2C4]"
"13 11 6",2,N,Winning,N,29,30,1,"[R0C12,R1C10]"
"13 11 7",3,N,Winning,N,29,31,1,"[R0C12,R1C10,R2C6]"
"13 11 8",4,N,Winning,N,31,32,1,"[R0C12,R1C10]"
"13 11 9",1,N,Winning,N,31,33,1,"[R0C12,R1C10,R2C8]"
"13 11 10",3,N,Winning,N,33,34,1,"[R0C12,R1C10]"
"13 11 11",0,P,Losing,P,34,35,0,"N/A (P-position)"
"13 12 1",4,N,Winning,N,25,26,1,"[R0C12,R2C0]"
"13 12 2",5,N,Winning,N,27,27,1,"[R0C12]"
"13 12 3",4,N,Winning,N,27,28,1,"[R0C12,R2C2]"
"13 12 4",1,N,Winning,N,29,29,1,"[R0C12]"
"13 12 5",2,N,Winning,N,29,30,1,"[R0C12,R2C4]"
"13 12 6",3,N,Winning,N,31,31,1,"[R0C12]"
"13 12 7",4,N,Winning,N,31,32,1,"[R0C12,R2C6]"
"13 12 8",1,N,Winning,N,33,33,1,"[R0C12]"
"13 12 9",2,N,Winning,N,33,34,1,"[R0C12,R2C8]"
"13 12 10",5,N,Winning,N,35,35,1,"[R0C12]"
"13 12 11",4,N,Winning,N,35,36,2,"[R1C11] / [R0C12,R2C10]"
"13 12 12",1,N,Winning,N,37,37,1,"[R0C12]"
"13 13 1",2,N,Winning,N,27,27,1,"[R2C0]"
"13 13 2",0,P,Losing,P,28,28,0,"N/A (P-position)"
"13 13 3",1,N,Winning,N,29,29,1,"[R2C2]"
"13 13 4",0,P,Losing,P,30,30,0,"N/A (P-position)"
"13 13 5",3,N,Winning,N,31,31,1,"[R2C4]"
"13 13 6",0,P,Losing,P,32,32,0,"N/A (P-position)"
"13 13 7",1,N,Winning,N,33,33,1,"[R2C6]"
"13 13 8",0,P,Losing,P,34,34,0,"N/A (P-position)"
"13 13 9",3,N,Winning,N,35,35,1,"[R2C8]"
"13 13 10",0,P,Losing,P,36,36,0,"N/A (P-position)"
"13 13 11",1,N,Winning,N,37,37,1,"[R2C10]"
"13 13 12",0,P,Losing,P,38,38,0,"N/A (P-position)"
"13 13 13",1,N,Winning,N,39,39,1,"[R2C12]"
"14 1 1",1,N,Winning,N,15,16,1,"[R0C13]"
"14 2 1",5,N,Winning,N,15,17,2,"[R0C13,R1C1] / [R2C0]"
"14 2 2",0,P,Losing,P,18,18,0,"N/A (P-position)"
"14 3 1",7,N,Winning,N,17,18,1,"[R1C2,R2C0]"
"14 3 2",3,N,Winning,N,19,19,1,"[R1C2]"
"14 3 3",1,N,Winning,N,19,20,1,"[R0C13]"
"14 4 1",5,N,Winning,N,19,19,1,"[R2C0]"
"14 4 2",0,P,Losing,P,20,20,0,"N/A (P-position)"
"14 4 3",5,N,Winning,N,19,21,2,"[R0C13,R1C3] / [R2C2]"
"14 4 4",0,P,Losing,P,22,22,0,"N/A (P-position)"
"14 5 1",7,N,Winning,N,19,20,1,"[R1C4,R2C0]"
"14 5 2",3,N,Winning,N,21,21,1,"[R1C4]"
"14 5 3",6,N,Winning,N,21,22,1,"[R1C4,R2C2]"
"14 5 4",2,N,Winning,N,23,23,1,"[R1C4]"
"14 5 5",1,N,Winning,N,23,24,1,"[R0C13]"
"14 6 1",5,N,Winning,N,21,21,1,"[R2C0]"
"14 6 2",0,P,Losing,P,22,22,0,"N/A (P-position)"
"14 6 3",5,N,Winning,N,23,23,1,"[R2C2]"
"14 6 4",0,P,Losing,P,24,24,0,"N/A (P-position)"
"14 6 5",5,N,Winning,N,23,25,2,"[R0C13,R1C5] / [R2C4]"
"14 6 6",0,P,Losing,P,26,26,0,"N/A (P-position)"
"14 7 1",7,N,Winning,N,21,22,1,"[R1C6,R2C0]"
"14 7 2",3,N,Winning,N,23,23,1,"[R1C6]"
"14 7 3",6,N,Winning,N,23,24,1,"[R1C6,R2C2]"
"14 7 4",3,N,Winning,N,25,25,1,"[R1C6]"
"14 7 5",6,N,Winning,N,25,26,1,"[R1C6,R2C4]"
"14 7 6",2,N,Winning,N,27,27,1,"[R1C6]"
"14 7 7",1,N,Winning,N,27,28,1,"[R0C13]"
"14 8 1",5,N,Winning,N,23,23,1,"[R2C0]"
"14 8 2",0,P,Losing,P,24,24,0,"N/A (P-position)"
"14 8 3",5,N,Winning,N,25,25,1,"[R2C2]"
"14 8 4",0,P,Losing,P,26,26,0,"N/A (P-position)"
"14 8 5",5,N,Winning,N,27,27,1,"[R2C4]"
"14 8 6",0,P,Losing,P,28,28,0,"N/A (P-position)"
"14 8 7",6,N,Winning,N,27,29,2,"[R0C13,R1C7] / [R2C6]"
"14 8 8",0,P,Losing,P,30,30,0,"N/A (P-position)"
"14 9 1",7,N,Winning,N,23,24,1,"[R1C8,R2C0]"
"14 9 2",3,N,Winning,N,25,25,1,"[R1C8]"
"14 9 3",6,N,Winning,N,25,26,1,"[R1C8,R2C2]"
"14 9 4",3,N,Winning,N,27,27,1,"[R1C8]"
"14 9 5",6,N,Winning,N,27,28,1,"[R1C8,R2C4]"
"14 9 6",1,N,Winning,N,29,29,1,"[R1C8]"
"14 9 7",2,N,Winning,N,29,30,1,"[R1C8,R2C6]"
"14 9 8",3,N,Winning,N,31,31,1,"[R1C8]"
"14 9 9",1,N,Winning,N,31,32,1,"[R0C13]"
"14 10 1",5,N,Winning,N,25,25,1,"[R2C0]"
"14 10 2",0,P,Losing,P,26,26,0,"N/A (P-position)"
"14 10 3",5,N,Winning,N,27,27,1,"[R2C2]"
"14 10 4",0,P,Losing,P,28,28,0,"N/A (P-position)"
"14 10 5",1,N,Winning,N,29,29,1,"[R2C4]"
"14 10 6",0,P,Losing,P,30,30,0,"N/A (P-position)"
"14 10 7",3,N,Winning,N,31,31,1,"[R2C6]"
"14 10 8",0,P,Losing,P,32,32,0,"N/A (P-position)"
"14 10 9",5,N,Winning,N,31,33,2,"[R0C13,R1C9] / [R2C8]"
"14 10 10",0,P,Losing,P,34,34,0,"N/A (P-position)"
"14 11 1",7,N,Winning,N,25,26,1,"[R1C10,R2C0]"
"14 11 2",3,N,Winning,N,27,27,1,"[R1C10]"
"14 11 3",6,N,Winning,N,27,28,1,"[R1C10,R2C2]"
"14 11 4",1,N,Winning,N,29,29,1,"[R1C10]"
"14 11 5",2,N,Winning,N,29,30,1,"[R1C10,R2C4]"
"14 11 6",3,N,Winning,N,31,31,1,"[R1C10]"
"14 11 7",4,N,Winning,N,31,32,1,"[R1C10,R2C6]"
"14 11 8",1,N,Winning,N,33,33,1,"[R1C10]"
"14 11 9",2,N,Winning,N,33,34,1,"[R1C10,R2C8]"
"14 11 10",6,N,Winning,N,35,35,1,"[R1C10]"
"14 11 11",1,N,Winning,N,35,36,1,"[R0C13]"
"14 12 1",5,N,Winning,N,27,27,1,"[R2C0]"
"14 12 2",0,P,Losing,P,28,28,0,"N/A (P-position)"
"14 12 3",1,N,Winning,N,29,29,1,"[R2C2]"
"14 12 4",0,P,Losing,P,30,30,0,"N/A (P-position)"
"14 12 5",3,N,Winning,N,31,31,1,"[R2C4]"
"14 12 6",0,P,Losing,P,32,32,0,"N/A (P-position)"
"14 12 7",1,N,Winning,N,33,33,1,"[R2C6]"
"14 12 8",0,P,Losing,P,34,34,0,"N/A (P-position)"
"14 12 9",3,N,Winning,N,35,35,1,"[R2C8]"
"14 12 10",0,P,Losing,P,36,36,0,"N/A (P-position)"
"14 12 11",2,N,Winning,N,35,37,2,"[R0C13,R1C11] / [R2C10]"
"14 12 12",0,P,Losing,P,38,38,0,"N/A (P-position)"
"14 13 1",3,N,Winning,N,27,28,2,"[R0C13,R2C0] / [R1C12,R2C0]"
"14 13 2",1,N,Winning,N,29,29,2,"[R0C13] / [R1C12]"
"14 13 3",2,N,Winning,N,29,30,2,"[R0C13,R2C2] / [R1C12,R2C2]"
"14 13 4",3,N,Winning,N,31,31,2,"[R0C13] / [R1C12]"
"14 13 5",4,N,Winning,N,31,32,2,"[R0C13,R2C4] / [R1C12,R2C4]"
"14 13 6",1,N,Winning,N,33,33,2,"[R0C13] / [R1C12]"
"14 13 7",2,N,Winning,N,33,34,2,"[R0C13,R2C6] / [R1C12,R2C6]"
"14 13 8",3,N,Winning,N,35,35,2,"[R0C13] / [R1C12]"
"14 13 9",4,N,Winning,N,35,36,2,"[R0C13,R2C8] / [R1C12,R2C8]"
"14 13 10",1,N,Winning,N,37,37,2,"[R0C13] / [R1C12]"
"14 13 11",3,N,Winning,N,37,38,2,"[R0C13,R2C10] / [R1C12,R2C10]"
"14 13 12",5,N,Winning,N,39,39,2,"[R0C13] / [R1C12]"
"14 13 13",2,N,Winning,N,39,40,1,"[R0C13,R2C12]"
"14 14 1",1,N,Winning,N,29,29,1,"[R2C0]"
"14 14 2",0,P,Losing,P,30,30,0,"N/A (P-position)"
"14 14 3",3,N,Winning,N,31,31,1,"[R2C2]"
"14 14 4",0,P,Losing,P,32,32,0,"N/A (P-position)"
"14 14 5",1,N,Winning,N,33,33,1,"[R2C4]"
"14 14 6",0,P,Losing,P,34,34,0,"N/A (P-position)"
"14 14 7",3,N,Winning,N,35,35,1,"[R2C6]"
"14 14 8",0,P,Losing,P,36,36,0,"N/A (P-position)"
"14 14 9",1,N,Winning,N,37,37,1,"[R2C8]"
"14 14 10",0,P,Losing,P,38,38,0,"N/A (P-position)"
"14 14 11",2,N,Winning,N,39,39,1,"[R2C10]"
"14 14 12",0,P,Losing,P,40,40,0,"N/A (P-position)"
"14 14 13",1,N,Winning,N,41,41,1,"[R2C12]"
"14 14 14",0,P,Losing,P,42,42,0,"N/A (P-position)"
"15 1 1",0,P,Losing,P,16,17,0,"N/A (P-position)"
"15 2 1",4,N,Winning,N,17,18,2,"[R1C1] / [R0C14,R2C0]"
"15 2 2",1,N,Winning,N,19,19,1,"[R0C14]"
"15 3 1",6,N,Winning,N,17,19,1,"[R0C14,R1C2,R2C0]"
"15 3 2",2,N,Winning,N,19,20,1,"[R0C14,R1C2]"
"15 3 3",0,P,Losing,P,20,21,0,"N/A (P-position)"
"15 4 1",4,N,Winning,N,19,20,1,"[R0C14,R2C0]"
"15 4 2",1,N,Winning,N,21,21,1,"[R0C14]"
"15 4 3",4,N,Winning,N,21,22,2,"[R1C3] / [R0C14,R2C2]"
"15 4 4",1,N,Winning,N,23,23,1,"[R0C14]"
"15 5 1",6,N,Winning,N,19,21,1,"[R0C14,R1C4,R2C0]"
"15 5 2",2,N,Winning,N,21,22,1,"[R0C14,R1C4]"
"15 5 3",7,N,Winning,N,21,23,1,"[R0C14,R1C4,R2C2]"
"15 5 4",3,N,Winning,N,23,24,1,"[R0C14,R1C4]"
"15 5 5",0,P,Losing,P,24,25,0,"N/A (P-position)"
"15 6 1",4,N,Winning,N,21,22,1,"[R0C14,R2C0]"
"15 6 2",1,N,Winning,N,23,23,1,"[R0C14]"
"15 6 3",4,N,Winning,N,23,24,1,"[R0C14,R2C2]"
"15 6 4",1,N,Winning,N,25,25,1,"[R0C14]"
"15 6 5",4,N,Winning,N,25,26,2,"[R1C5] / [R0C14,R2C4]"
"15 6 6",1,N,Winning,N,27,27,1,"[R0C14]"
"15 7 1",6,N,Winning,N,21,23,1,"[R0C14,R1C6,R2C0]"
"15 7 2",2,N,Winning,N,23,24,1,"[R0C14,R1C6]"
"15 7 3",7,N,Winning,N,23,25,1,"[R0C14,R1C6,R2C2]"
"15 7 4",2,N,Winning,N,25,26,1,"[R0C14,R1C6]"
"15 7 5",7,N,Winning,N,25,27,1,"[R0C14,R1C6,R2C4]"
"15 7 6",3,N,Winning,N,27,28,1,"[R0C14,R1C6]"
"15 7 7",0,P,Losing,P,28,29,0,"N/A (P-position)"
"15 8 1",4,N,Winning,N,23,24,1,"[R0C14,R2C0]"
"15 8 2",1,N,Winning,N,25,25,1,"[R0C14]"
"15 8 3",4,N,Winning,N,25,26,1,"[R0C14,R2C2]"
"15 8 4",1,N,Winning,N,27,27,1,"[R0C14]"
"15 8 5",4,N,Winning,N,27,28,1,"[R0C14,R2C4]"
"15 8 6",1,N,Winning,N,29,29,1,"[R0C14]"
"15 8 7",4,N,Winning,N,29,30,2,"[R1C7] / [R0C14,R2C6]"
"15 8 8",1,N,Winning,N,31,31,1,"[R0C14]"
"15 9 1",6,N,Winning,N,23,25,1,"[R0C14,R1C8,R2C0]"
"15 9 2",2,N,Winning,N,25,26,1,"[R0C14,R1C8]"
"15 9 3",7,N,Winning,N,25,27,1,"[R0C14,R1C8,R2C2]"
"15 9 4",2,N,Winning,N,27,28,1,"[R0C14,R1C8]"
"15 9 5",7,N,Winning,N,27,29,1,"[R0C14,R1C8,R2C4]"
"15 9 6",2,N,Winning,N,29,30,1,"[R0C14,R1C8]"
"15 9 7",3,N,Winning,N,29,31,1,"[R0C14,R1C8,R2C6]"
"15 9 8",5,N,Winning,N,31,32,1,"[R0C14,R1C8]"
"15 9 9",0,P,Losing,P,32,33,0,"N/A (P-position)"
"15 10 1",4,N,Winning,N,25,26,1,"[R0C14,R2C0]"
"15 10 2",1,N,Winning,N,27,27,1,"[R0C14]"
"15 10 3",4,N,Winning,N,27,28,1,"[R0C14,R2C2]"
"15 10 4",1,N,Winning,N,29,29,1,"[R0C14]"
"15 10 5",4,N,Winning,N,29,30,1,"[R0C14,R2C4]"
"15 10 6",3,N,Winning,N,31,31,1,"[R0C14]"
"15 10 7",4,N,Winning,N,31,32,1,"[R0C14,R2C6]"
"15 10 8",1,N,Winning,N,33,33,1,"[R0C14]"
"15 10 9",2,N,Winning,N,33,34,2,"[R1C9] / [R0C14,R2C8]"
"15 10 10",1,N,Winning,N,35,35,1,"[R0C14]"
"15 11 1",6,N,Winning,N,25,27,1,"[R0C14,R1C10,R2C0]"
"15 11 2",2,N,Winning,N,27,28,1,"[R0C14,R1C10]"
"15 11 3",7,N,Winning,N,27,29,1,"[R0C14,R1C10,R2C2]"
"15 11 4",2,N,Winning,N,29,30,1,"[R0C14,R1C10]"
"15 11 5",3,N,Winning,N,29,31,1,"[R0C14,R1C10,R2C4]"
"15 11 6",5,N,Winning,N,31,32,1,"[R0C14,R1C10]"
"15 11 7",1,N,Winning,N,31,33,1,"[R0C14,R1C10,R2C6]"
"15 11 8",2,N,Winning,N,33,34,1,"[R0C14,R1C10]"
"15 11 9",3,N,Winning,N,33,35,1,"[R0C14,R1C10,R2C8]"
"15 11 10",4,N,Winning,N,35,36,1,"[R0C14,R1C10]"
"15 11 11",0,P,Losing,P,36,37,0,"N/A (P-position)"
"15 12 1",4,N,Winning,N,27,28,1,"[R0C14,R2C0]"
"15 12 2",1,N,Winning,N,29,29,1,"[R0C14]"
"15 12 3",4,N,Winning,N,29,30,1,"[R0C14,R2C2]"
"15 12 4",3,N,Winning,N,31,31,1,"[R0C14]"
"15 12 5",4,N,Winning,N,31,32,1,"[R0C14,R2C4]"
"15 12 6",1,N,Winning,N,33,33,1,"[R0C14]"
"15 12 7",2,N,Winning,N,33,34,1,"[R0C14,R2C6]"
"15 12 8",3,N,Winning,N,35,35,1,"[R0C14]"
"15 12 9",4,N,Winning,N,35,36,1,"[R0C14,R2C8]"
"15 12 10",1,N,Winning,N,37,37,1,"[R0C14]"
"15 12 11",3,N,Winning,N,37,38,2,"[R1C11] / [R0C14,R2C10]"
"15 12 12",1,N,Winning,N,39,39,1,"[R0C14]"
"15 13 1",6,N,Winning,N,27,29,1,"[R0C14,R1C12,R2C0]"
"15 13 2",2,N,Winning,N,29,30,1,"[R0C14,R1C12]"
"15 13 3",3,N,Winning,N,29,31,1,"[R0C14,R1C12,R2C2]"
"15 13 4",5,N,Winning,N,31,32,1,"[R0C14,R1C12]"
"15 13 5",1,N,Winning,N,31,33,1,"[R0C14,R1C12,R2C4]"
"15 13 6",2,N,Winning,N,33,34,1,"[R0C14,R1C12]"
"15 13 7",3,N,Winning,N,33,35,1,"[R0C14,R1C12,R2C6]"
"15 13 8",4,N,Winning,N,35,36,1,"[R0C14,R1C12]"
"15 13 9",1,N,Winning,N,35,37,1,"[R0C14,R1C12,R2C8]"
"15 13 10",2,N,Winning,N,37,38,1,"[R0C14,R1C12]"
"15 13 11",4,N,Winning,N,37,39,1,"[R0C14,R1C12,R2C10]"
"15 13 12",6,N,Winning,N,39,40,1,"[R0C14,R1C12]"
"15 13 13",0,P,Losing,P,40,41,0,"N/A (P-position)"
"15 14 1",4,N,Winning,N,29,30,1,"[R0C14,R2C0]"
"15 14 2",5,N,Winning,N,31,31,1,"[R0C14]"
"15 14 3",4,N,Winning,N,31,32,1,"[R0C14,R2C2]"
"15 14 4",1,N,Winning,N,33,33,1,"[R0C14]"
"15 14 5",2,N,Winning,N,33,34,1,"[R0C14,R2C4]"
"15 14 6",3,N,Winning,N,35,35,1,"[R0C14]"
"15 14 7",4,N,Winning,N,35,36,1,"[R0C14,R2C6]"
"15 14 8",1,N,Winning,N,37,37,1,"[R0C14]"
"15 14 9",2,N,Winning,N,37,38,1,"[R0C14,R2C8]"
"15 14 10",3,N,Winning,N,39,39,1,"[R0C14]"
"15 14 11",5,N,Winning,N,39,40,1,"[R0C14,R2C10]"
"15 14 12",1,N,Winning,N,41,41,1,"[R0C14]"
"15 14 13",3,N,Winning,N,41,42,2,"[R1C13] / [R0C14,R2C12]"
"15 14 14",2,N,Winning,N,43,43,1,"[R0C14]"
"15 15 1",2,N,Winning,N,31,31,1,"[R2C0]"
"15 15 2",0,P,Losing,P,32,32,0,"N/A (P-position)"
"15 15 3",1,N,Winning,N,33,33,1,"[R2C2]"
"15 15 4",0,P,Losing,P,34,34,0,"N/A (P-position)"
"15 15 5",3,N,Winning,N,35,35,1,"[R2C4]"
"15 15 6",0,P,Losing,P,36,36,0,"N/A (P-position)"
"15 15 7",1,N,Winning,N,37,37,1,"[R2C6]"
"15 15 8",0,P,Losing,P,38,38,0,"N/A (P-position)"
"15 15 9",3,N,Winning,N,39,39,1,"[R2C8]"
"15 15 10",0,P,Losing,P,40,40,0,"N/A (P-position)"
"15 15 11",1,N,Winning,N,41,41,1,"[R2C10]"
"15 15 12",0,P,Losing,P,42,42,0,"N/A (P-position)"
"15 15 13",2,N,Winning,N,43,43,1,"[R2C12]"
"15 15 14",0,P,Losing,P,44,44,0,"N/A (P-position)"
"15 15 15",1,N,Winning,N,45,45,1,"[R2C14]"
"16 1 1",1,N,Winning,N,17,18,1,"[R0C15]"
"16 2 1",5,N,Winning,N,17,19,2,"[R0C15,R1C1] / [R2C0]"
"16 2 2",0,P,Losing,P,20,20,0,"N/A (P-position)"
"16 3 1",7,N,Winning,N,19,20,1,"[R1C2,R2C0]"
"16 3 2",3,N,Winning,N,21,21,1,"[R1C2]"
"16 3 3",1,N,Winning,N,21,22,1,"[R0C15]"
"16 4 1",5,N,Winning,N,21,21,1,"[R2C0]"
"16 4 2",0,P,Losing,P,22,22,0,"N/A (P-position)"
"16 4 3",5,N,Winning,N,21,23,2,"[R0C15,R1C3] / [R2C2]"
"16 4 4",0,P,Losing,P,24,24,0,"N/A (P-position)"
"16 5 1",7,N,Winning,N,21,22,1,"[R1C4,R2C0]"
"16 5 2",3,N,Winning,N,23,23,1,"[R1C4]"
"16 5 3",6,N,Winning,N,23,24,1,"[R1C4,R2C2]"
"16 5 4",2,N,Winning,N,25,25,1,"[R1C4]"
"16 5 5",1,N,Winning,N,25,26,1,"[R0C15]"
"16 6 1",5,N,Winning,N,23,23,1,"[R2C0]"
"16 6 2",0,P,Losing,P,24,24,0,"N/A (P-position)"
"16 6 3",5,N,Winning,N,25,25,1,"[R2C2]"
"16 6 4",0,P,Losing,P,26,26,0,"N/A (P-position)"
"16 6 5",5,N,Winning,N,25,27,2,"[R0C15,R1C5] / [R2C4]"
"16 6 6",0,P,Losing,P,28,28,0,"N/A (P-position)"
"16 7 1",7,N,Winning,N,23,24,1,"[R1C6,R2C0]"
"16 7 2",3,N,Winning,N,25,25,1,"[R1C6]"
"16 7 3",6,N,Winning,N,25,26,1,"[R1C6,R2C2]"
"16 7 4",3,N,Winning,N,27,27,1,"[R1C6]"
"16 7 5",6,N,Winning,N,27,28,1,"[R1C6,R2C4]"
"16 7 6",2,N,Winning,N,29,29,1,"[R1C6]"
"16 7 7",1,N,Winning,N,29,30,1,"[R0C15]"
"16 8 1",5,N,Winning,N,25,25,1,"[R2C0]"
"16 8 2",0,P,Losing,P,26,26,0,"N/A (P-position)"
"16 8 3",5,N,Winning,N,27,27,1,"[R2C2]"
"16 8 4",0,P,Losing,P,28,28,0,"N/A (P-position)"
"16 8 5",5,N,Winning,N,29,29,1,"[R2C4]"
"16 8 6",0,P,Losing,P,30,30,0,"N/A (P-position)"
"16 8 7",5,N,Winning,N,29,31,2,"[R0C15,R1C7] / [R2C6]"
"16 8 8",0,P,Losing,P,32,32,0,"N/A (P-position)"
"16 9 1",7,N,Winning,N,25,26,1,"[R1C8,R2C0]"
"16 9 2",3,N,Winning,N,27,27,1,"[R1C8]"
"16 9 3",6,N,Winning,N,27,28,1,"[R1C8,R2C2]"
"16 9 4",3,N,Winning,N,29,29,1,"[R1C8]"
"16 9 5",6,N,Winning,N,29,30,1,"[R1C8,R2C4]"
"16 9 6",3,N,Winning,N,31,31,1,"[R1C8]"
"16 9 7",6,N,Winning,N,31,32,1,"[R1C8,R2C6]"
"16 9 8",2,N,Winning,N,33,33,1,"[R1C8]"
"16 9 9",1,N,Winning,N,33,34,1,"[R0C15]"
"16 10 1",5,N,Winning,N,27,27,1,"[R2C0]"
"16 10 2",0,P,Losing,P,28,28,0,"N/A (P-position)"
"16 10 3",5,N,Winning,N,29,29,1,"[R2C2]"
"16 10 4",0,P,Losing,P,30,30,0,"N/A (P-position)"
"16 10 5",5,N,Winning,N,31,31,1,"[R2C4]"
"16 10 6",0,P,Losing,P,32,32,0,"N/A (P-position)"
"16 10 7",1,N,Winning,N,33,33,1,"[R2C6]"
"16 10 8",0,P,Losing,P,34,34,0,"N/A (P-position)"
"16 10 9",3,N,Winning,N,33,35,2,"[R0C15,R1C9] / [R2C8]"
"16 10 10",0,P,Losing,P,36,36,0,"N/A (P-position)"
"16 11 1",7,N,Winning,N,27,28,1,"[R1C10,R2C0]"
"16 11 2",3,N,Winning,N,29,29,1,"[R1C10]"
"16 11 3",6,N,Winning,N,29,30,1,"[R1C10,R2C2]"
"16 11 4",3,N,Winning,N,31,31,1,"[R1C10]"
"16 11 5",6,N,Winning,N,31,32,1,"[R1C10,R2C4]"
"16 11 6",1,N,Winning,N,33,33,1,"[R1C10]"
"16 11 7",2,N,Winning,N,33,34,1,"[R1C10,R2C6]"
"16 11 8",3,N,Winning,N,35,35,1,"[R1C10]"
"16 11 9",4,N,Winning,N,35,36,1,"[R1C10,R2C8]"
"16 11 10",5,N,Winning,N,37,37,1,"[R1C10]"
"16 11 11",1,N,Winning,N,37,38,1,"[R0C15]"
"16 12 1",5,N,Winning,N,29,29,1,"[R2C0]"
"16 12 2",0,P,Losing,P,30,30,0,"N/A (P-position)"
"16 12 3",5,N,Winning,N,31,31,1,"[R2C2]"
"16 12 4",0,P,Losing,P,32,32,0,"N/A (P-position)"
"16 12 5",1,N,Winning,N,33,33,1,"[R2C4]"
"16 12 6",0,P,Losing,P,34,34,0,"N/A (P-position)"
"16 12 7",3,N,Winning,N,35,35,1,"[R2C6]"
"16 12 8",0,P,Losing,P,36,36,0,"N/A (P-position)"
"16 12 9",1,N,Winning,N,37,37,1,"[R2C8]"
"16 12 10",0,P,Losing,P,38,38,0,"N/A (P-position)"
"16 12 11",2,N,Winning,N,37,39,2,"[R0C15,R1C11] / [R2C10]"
"16 12 12",0,P,Losing,P,40,40,0,"N/A (P-position)"
"16 13 1",7,N,Winning,N,29,30,1,"[R1C12,R2C0]"
"16 13 2",3,N,Winning,N,31,31,1,"[R1C12]"
"16 13 3",6,N,Winning,N,31,32,1,"[R1C12,R2C2]"
"16 13 4",1,N,Winning,N,33,33,1,"[R1C12]"
"16 13 5",2,N,Winning,N,33,34,1,"[R1C12,R2C4]"
"16 13 6",3,N,Winning,N,35,35,1,"[R1C12]"
"16 13 7",4,N,Winning,N,35,36,1,"[R1C12,R2C6]"
"16 13 8",1,N,Winning,N,37,37,1,"[R1C12]"
"16 13 9",2,N,Winning,N,37,38,1,"[R1C12,R2C8]"
"16 13 10",3,N,Winning,N,39,39,1,"[R1C12]"
"16 13 11",5,N,Winning,N,39,40,1,"[R1C12,R2C10]"
"16 13 12",7,N,Winning,N,41,41,1,"[R1C12]"
"16 13 13",1,N,Winning,N,41,42,1,"[R0C15]"
"16 14 1",5,N,Winning,N,31,31,1,"[R2C0]"
"16 14 2",0,P,Losing,P,32,32,0,"N/A (P-position)"
"16 14 3",1,N,Winning,N,33,33,1,"[R2C2]"
"16 14 4",0,P,Losing,P,34,34,0,"N/A (P-position)"
"16 14 5",3,N,Winning,N,35,35,1,"[R2C4]"
"16 14 6",0,P,Losing,P,36,36,0,"N/A (P-position)"
"16 14 7",1,N,Winning,N,37,37,1,"[R2C6]"
"16 14 8",0,P,Losing,P,38,38,0,"N/A (P-position)"
"16 14 9",3,N,Winning,N,39,39,1,"[R2C8]"
"16 14 10",0,P,Losing,P,40,40,0,"N/A (P-position)"
"16 14 11",1,N,Winning,N,41,41,1,"[R2C10]"
"16 14 12",0,P,Losing,P,42,42,0,"N/A (P-position)"
"16 14 13",2,N,Winning,N,41,43,2,"[R0C15,R1C13] / [R2C12]"
"16 14 14",0,P,Losing,P,44,44,0,"N/A (P-position)"
"16 15 1",3,N,Winning,N,31,32,2,"[R0C15,R2C0] / [R1C14,R2C0]"
"16 15 2",1,N,Winning,N,33,33,2,"[R0C15] / [R1C14]"
"16 15 3",2,N,Winning,N,33,34,2,"[R0C15,R2C2] / [R1C14,R2C2]"
"16 15 4",3,N,Winning,N,35,35,2,"[R0C15] / [R1C14]"
"16 15 5",4,N,Winning,N,35,36,2,"[R0C15,R2C4] / [R1C14,R2C4]"
"16 15 6",1,N,Winning,N,37,37,2,"[R0C15] / [R1C14]"
"16 15 7",2,N,Winning,N,37,38,2,"[R0C15,R2C6] / [R1C14,R2C6]"
"16 15 8",3,N,Winning,N,39,39,2,"[R0C15] / [R1C14]"
"16 15 9",4,N,Winning,N,39,40,2,"[R0C15,R2C8] / [R1C14,R2C8]"
"16 15 10",1,N,Winning,N,41,41,2,"[R0C15] / [R1C14]"
"16 15 11",2,N,Winning,N,41,42,2,"[R0C15,R2C10] / [R1C14,R2C10]"
"16 15 12",3,N,Winning,N,43,43,2,"[R0C15] / [R1C14]"
"16 15 13",4,N,Winning,N,43,44,2,"[R0C15,R2C12] / [R1C14,R2C12]"
"16 15 14",1,N,Winning,N,45,45,2,"[R0C15] / [R1C14]"
"16 15 15",2,N,Winning,N,45,46,1,"[R0C15,R2C14]"
"16 16 1",1,N,Winning,N,33,33,1,"[R2C0]"
"16 16 2",0,P,Losing,P,34,34,0,"N/A (P-position)"
"16 16 3",3,N,Winning,N,35,35,1,"[R2C2]"
"16 16 4",0,P,Losing,P,36,36,0,"N/A (P-position)"
"16 16 5",1,N,Winning,N,37,37,1,"[R2C4]"
"16 16 6",0,P,Losing,P,38,38,0,"N/A (P-position)"
"16 16 7",3,N,Winning,N,39,39,1,"[R2C6]"
"16 16 8",0,P,Losing,P,40,40,0,"N/A (P-position)"
"16 16 9",1,N,Winning,N,41,41,1,"[R2C8]"
"16 16 10",0,P,Losing,P,42,42,0,"N/A (P-position)"
"16 16 11",3,N,Winning,N,43,43,1,"[R2C10]"
"16 16 12",0,P,Losing,P,44,44,0,"N/A (P-position)"
"16 16 13",1,N,Winning,N,45,45,1,"[R2C12]"
"16 16 14",0,P,Losing,P,46,46,0,"N/A (P-position)"
"16 16 15",3,N,Winning,N,47,47,1,"[R2C14]"
"16 16 16",0,P,Losing,P,48,48,0,"N/A (P-position)"
"17 1 1",0,P,Losing,P,18,19,0,"N/A (P-position)"
"17 2 1",4,N,Winning,N,19,20,2,"[R1C1] / [R0C16,R2C0]"
"17 2 2",1,N,Winning,N,21,21,1,"[R0C16]"
"17 3 1",6,N,Winning,N,19,21,1,"[R0C16,R1C2,R2C0]"
"17 3 2",2,N,Winning,N,21,22,1,"[R0C16,R1C2]"
"17 3 3",0,P,Losing,P,22,23,0,"N/A (P-position)"
"17 4 1",4,N,Winning,N,21,22,1,"[R0C16,R2C0]"
"17 4 2",1,N,Winning,N,23,23,1,"[R0C16]"
"17 4 3",4,N,Winning,N,23,24,2,"[R1C3] / [R0C16,R2C2]"
"17 4 4",1,N,Winning,N,25,25,1,"[R0C16]"
"17 5 1",6,N,Winning,N,21,23,1,"[R0C16,R1C4,R2C0]"
"17 5 2",2,N,Winning,N,23,24,1,"[R0C16,R1C4]"
"17 5 3",7,N,Winning,N,23,25,1,"[R0C16,R1C4,R2C2]"
"17 5 4",3,N,Winning,N,25,26,1,"[R0C16,R1C4]"
"17 5 5",0,P,Losing,P,26,27,0,"N/A (P-position)"
"17 6 1",4,N,Winning,N,23,24,1,"[R0C16,R2C0]"
"17 6 2",1,N,Winning,N,25,25,1,"[R0C16]"
"17 6 3",4,N,Winning,N,25,26,1,"[R0C16,R2C2]"
"17 6 4",1,N,Winning,N,27,27,1,"[R0C16]"
"17 6 5",4,N,Winning,N,27,28,2,"[R1C5] / [R0C16,R2C4]"
"17 6 6",1,N,Winning,N,29,29,1,"[R0C16]"
"17 7 1",6,N,Winning,N,23,25,1,"[R0C16,R1C6,R2C0]"
"17 7 2",2,N,Winning,N,25,26,1,"[R0C16,R1C6]"
"17 7 3",7,N,Winning,N,25,27,1,"[R0C16,R1C6,R2C2]"
"17 7 4",2,N,Winning,N,27,28,1,"[R0C16,R1C6]"
"17 7 5",7,N,Winning,N,27,29,1,"[R0C16,R1C6,R2C4]"
"17 7 6",3,N,Winning,N,29,30,1,"[R0C16,R1C6]"
"17 7 7",0,P,Losing,P,30,31,0,"N/A (P-position)"
"17 8 1",4,N,Winning,N,25,26,1,"[R0C16,R2C0]"
"17 8 2",1,N,Winning,N,27,27,1,"[R0C16]"
"17 8 3",4,N,Winning,N,27,28,1,"[R0C16,R2C2]"
"17 8 4",1,N,Winning,N,29,29,1,"[R0C16]"
"17 8 5",4,N,Winning,N,29,30,1,"[R0C16,R2C4]"
"17 8 6",1,N,Winning,N,31,31,1,"[R0C16]"
"17 8 7",4,N,Winning,N,31,32,2,"[R1C7] / [R0C16,R2C6]"
"17 8 8",1,N,Winning,N,33,33,1,"[R0C16]"
"17 9 1",6,N,Winning,N,25,27,1,"[R0C16,R1C8,R2C0]"
"17 9 2",2,N,Winning,N,27,28,1,"[R0C16,R1C8]"
"17 9 3",7,N,Winning,N,27,29,1,"[R0C16,R1C8,R2C2]"
"17 9 4",2,N,Winning,N,29,30,1,"[R0C16,R1C8]"
"17 9 5",7,N,Winning,N,29,31,1,"[R0C16,R1C8,R2C4]"
"17 9 6",2,N,Winning,N,31,32,1,"[R0C16,R1C8]"
"17 9 7",7,N,Winning,N,31,33,1,"[R0C16,R1C8,R2C6]"
"17 9 8",3,N,Winning,N,33,34,1,"[R0C16,R1C8]"
"17 9 9",0,P,Losing,P,34,35,0,"N/A (P-position)"
"17 10 1",4,N,Winning,N,27,28,1,"[R0C16,R2C0]"
"17 10 2",1,N,Winning,N,29,29,1,"[R0C16]"
"17 10 3",4,N,Winning,N,29,30,1,"[R0C16,R2C2]"
"17 10 4",1,N,Winning,N,31,31,1,"[R0C16]"
"17 10 5",4,N,Winning,N,31,32,1,"[R0C16,R2C4]"
"17 10 6",1,N,Winning,N,33,33,1,"[R0C16]"
"17 10 7",4,N,Winning,N,33,34,1,"[R0C16,R2C6]"
"17 10 8",5,N,Winning,N,35,35,1,"[R0C16]"
"17 10 9",4,N,Winning,N,35,36,2,"[R1C9] / [R0C16,R2C8]"
"17 10 10",1,N,Winning,N,37,37,1,"[R0C16]"
"17 11 1",6,N,Winning,N,27,29,1,"[R0C16,R1C10,R2C0]"
"17 11 2",2,N,Winning,N,29,30,1,"[R0C16,R1C10]"
"17 11 3",7,N,Winning,N,29,31,1,"[R0C16,R1C10,R2C2]"
"17 11 4",2,N,Winning,N,31,32,1,"[R0C16,R1C10]"
"17 11 5",7,N,Winning,N,31,33,1,"[R0C16,R1C10,R2C4]"
"17 11 6",2,N,Winning,N,33,34,1,"[R0C16,R1C10]"
"17 11 7",3,N,Winning,N,33,35,1,"[R0C16,R1C10,R2C6]"
"17 11 8",6,N,Winning,N,35,36,1,"[R0C16,R1C10]"
"17 11 9",1,N,Winning,N,35,37,1,"[R0C16,R1C10,R2C8]"
"17 11 10",2,N,Winning,N,37,38,1,"[R0C16,R1C10]"
"17 11 11",0,P,Losing,P,38,39,0,"N/A (P-position)"
"17 12 1",4,N,Winning,N,29,30,1,"[R0C16,R2C0]"
"17 12 2",1,N,Winning,N,31,31,1,"[R0C16]"
"17 12 3",4,N,Winning,N,31,32,1,"[R0C16,R2C2]"
"17 12 4",1,N,Winning,N,33,33,1,"[R0C16]"
"17 12 5",4,N,Winning,N,33,34,1,"[R0C16,R2C4]"
"17 12 6",3,N,Winning,N,35,35,1,"[R0C16]"
"17 12 7",4,N,Winning,N,35,36,1,"[R0C16,R2C6]"
"17 12 8",1,N,Winning,N,37,37,1,"[R0C16]"
"17 12 9",2,N,Winning,N,37,38,1,"[R0C16,R2C8]"
"17 12 10",3,N,Winning,N,39,39,1,"[R0C16]"
"17 12 11",4,N,Winning,N,39,40,2,"[R1C11] / [R0C16,R2C10]"
"17 12 12",1,N,Winning,N,41,41,1,"[R0C16]"
"17 13 1",6,N,Winning,N,29,31,1,"[R0C16,R1C12,R2C0]"
"17 13 2",2,N,Winning,N,31,32,1,"[R0C16,R1C12]"
"17 13 3",7,N,Winning,N,31,33,1,"[R0C16,R1C12,R2C2]"
"17 13 4",2,N,Winning,N,33,34,1,"[R0C16,R1C12]"
"17 13 5",3,N,Winning,N,33,35,1,"[R0C16,R1C12,R2C4]"
"17 13 6",5,N,Winning,N,35,36,1,"[R0C16,R1C12]"
"17 13 7",1,N,Winning,N,35,37,1,"[R0C16,R1C12,R2C6]"
"17 13 8",2,N,Winning,N,37,38,1,"[R0C16,R1C12]"
"17 13 9",3,N,Winning,N,37,39,1,"[R0C16,R1C12,R2C8]"
"17 13 10",4,N,Winning,N,39,40,1,"[R0C16,R1C12]"
"17 13 11",1,N,Winning,N,39,41,1,"[R0C16,R1C12,R2C10]"
"17 13 12",3,N,Winning,N,41,42,1,"[R0C16,R1C12]"
"17 13 13",0,P,Losing,P,42,43,0,"N/A (P-position)"
"17 14 1",4,N,Winning,N,31,32,1,"[R0C16,R2C0]"
"17 14 2",1,N,Winning,N,33,33,1,"[R0C16]"
"17 14 3",4,N,Winning,N,33,34,1,"[R0C16,R2C2]"
"17 14 4",3,N,Winning,N,35,35,1,"[R0C16]"
"17 14 5",4,N,Winning,N,35,36,1,"[R0C16,R2C4]"
"17 14 6",1,N,Winning,N,37,37,1,"[R0C16]"
"17 14 7",2,N,Winning,N,37,38,1,"[R0C16,R2C6]"
"17 14 8",3,N,Winning,N,39,39,1,"[R0C16]"
"17 14 9",4,N,Winning,N,39,40,1,"[R0C16,R2C8]"
"17 14 10",1,N,Winning,N,41,41,1,"[R0C16]"
"17 14 11",2,N,Winning,N,41,42,1,"[R0C16,R2C10]"
"17 14 12",4,N,Winning,N,43,43,1,"[R0C16]"
"17 14 13",5,N,Winning,N,43,44,2,"[R1C13] / [R0C16,R2C12]"
"17 14 14",1,N,Winning,N,45,45,1,"[R0C16]"
"17 15 1",6,N,Winning,N,31,33,1,"[R0C16,R1C14,R2C0]"
"17 15 2",2,N,Winning,N,33,34,1,"[R0C16,R1C14]"
"17 15 3",3,N,Winning,N,33,35,1,"[R0C16,R1C14,R2C2]"
"17 15 4",5,N,Winning,N,35,36,1,"[R0C16,R1C14]"
"17 15 5",1,N,Winning,N,35,37,1,"[R0C16,R1C14,R2C4]"
"17 15 6",2,N,Winning,N,37,38,1,"[R0C16,R1C14]"
"17 15 7",3,N,Winning,N,37,39,1,"[R0C16,R1C14,R2C6]"
"17 15 8",4,N,Winning,N,39,40,1,"[R0C16,R1C14]"
"17 15 9",1,N,Winning,N,39,41,1,"[R0C16,R1C14,R2C8]"
"17 15 10",2,N,Winning,N,41,42,1,"[R0C16,R1C14]"
"17 15 11",3,N,Winning,N,41,43,1,"[R0C16,R1C14,R2C10]"
"17 15 12",5,N,Winning,N,43,44,1,"[R0C16,R1C14]"
"17 15 13",1,N,Winning,N,43,45,1,"[R0C16,R1C14,R2C12]"
"17 15 14",3,N,Winning,N,45,46,1,"[R0C16,R1C14]"
"17 15 15",0,P,Losing,P,46,47,0,"N/A (P-position)"
"17 16 1",4,N,Winning,N,33,34,1,"[R0C16,R2C0]"
"17 16 2",5,N,Winning,N,35,35,1,"[R0C16]"
"17 16 3",4,N,Winning,N,35,36,1,"[R0C16,R2C2]"
"17 16 4",1,N,Winning,N,37,37,1,"[R0C16]"
"17 16 5",2,N,Winning,N,37,38,1,"[R0C16,R2C4]"
"17 16 6",3,N,Winning,N,39,39,1,"[R0C16]"
"17 16 7",4,N,Winning,N,39,40,1,"[R0C16,R2C6]"
"17 16 8",1,N,Winning,N,41,41,1,"[R0C16]"
"17 16 9",2,N,Winning,N,41,42,1,"[R0C16,R2C8]"
"17 16 10",3,N,Winning,N,43,43,1,"[R0C16]"
"17 16 11",4,N,Winning,N,43,44,1,"[R0C16,R2C10]"
"17 16 12",1,N,Winning,N,45,45,1,"[R0C16]"
"17 16 13",2,N,Winning,N,45,46,1,"[R0C16,R2C12]"
"17 16 14",5,N,Winning,N,47,47,1,"[R0C16]"
"17 16 15",4,N,Winning,N,47,48,2,"[R1C15] / [R0C16,R2C14]"
"17 16 16",1,N,Winning,N,49,49,1,"[R0C16]"
"17 17 1",2,N,Winning,N,35,35,1,"[R2C0]"
"17 17 2",0,P,Losing,P,36,36,0,"N/A (P-position)"
"17 17 3",1,N,Winning,N,37,37,1,"[R2C2]"
"17 17 4",0,P,Losing,P,38,38,0,"N/A (P-position)"
"17 17 5",3,N,Winning,N,39,39,1,"[R2C4]"
"17 17 6",0,P,Losing,P,40,40,0,"N/A (P-position)"
"17 17 7",1,N,Winning,N,41,41,1,"[R2C6]"
"17 17 8",0,P,Losing,P,42,42,0,"N/A (P-position)"
"17 17 9",3,N,Winning,N,43,43,1,"[R2C8]"
"17 17 10",0,P,Losing,P,44,44,0,"N/A (P-position)"
"17 17 11",1,N,Winning,N,45,45,1,"[R2C10]"
"17 17 12",0,P,Losing,P,46,46,0,"N/A (P-position)"
"17 17 13",3,N,Winning,N,47,47,1,"[R2C12]"
"17 17 14",0,P,Losing,P,48,48,0,"N/A (P-position)"
"17 17 15",1,N,Winning,N,49,49,1,"[R2C14]"
"17 17 16",0,P,Losing,P,50,50,0,"N/A (P-position)"
"17 17 17",1,N,Winning,N,51,51,1,"[R2C16]"
"18 1 1",1,N,Winning,N,19,20,1,"[R0C17]"
"18 2 1",5,N,Winning,N,19,21,2,"[R0C17,R1C1] / [R2C0]"
"18 2 2",0,P,Losing,P,22,22,0,"N/A (P-position)"
"18 3 1",7,N,Winning,N,21,22,1,"[R1C2,R2C0]"
"18 3 2",3,N,Winning,N,23,23,1,"[R1C2]"
"18 3 3",1,N,Winning,N,23,24,1,"[R0C17]"
"18 4 1",5,N,Winning,N,23,23,1,"[R2C0]"
"18 4 2",0,P,Losing,P,24,24,0,"N/A (P-position)"
"18 4 3",5,N,Winning,N,23,25,2,"[R0C17,R1C3] / [R2C2]"
"18 4 4",0,P,Losing,P,26,26,0,"N/A (P-position)"
"18 5 1",7,N,Winning,N,23,24,1,"[R1C4,R2C0]"
"18 5 2",3,N,Winning,N,25,25,1,"[R1C4]"
"18 5 3",6,N,Winning,N,25,26,1,"[R1C4,R2C2]"
"18 5 4",2,N,Winning,N,27,27,1,"[R1C4]"
"18 5 5",1,N,Winning,N,27,28,1,"[R0C17]"
"18 6 1",5,N,Winning,N,25,25,1,"[R2C0]"
"18 6 2",0,P,Losing,P,26,26,0,"N/A (P-position)"
"18 6 3",5,N,Winning,N,27,27,1,"[R2C2]"
"18 6 4",0,P,Losing,P,28,28,0,"N/A (P-position)"
"18 6 5",5,N,Winning,N,27,29,2,"[R0C17,R1C5] / [R2C4]"
"18 6 6",0,P,Losing,P,30,30,0,"N/A (P-position)"
"18 7 1",7,N,Winning,N,25,26,1,"[R1C6,R2C0]"
"18 7 2",3,N,Winning,N,27,27,1,"[R1C6]"
"18 7 3",6,N,Winning,N,27,28,1,"[R1C6,R2C2]"
"18 7 4",3,N,Winning,N,29,29,1,"[R1C6]"
"18 7 5",6,N,Winning,N,29,30,1,"[R1C6,R2C4]"
"18 7 6",2,N,Winning,N,31,31,1,"[R1C6]"
"18 7 7",1,N,Winning,N,31,32,1,"[R0C17]"
"18 8 1",5,N,Winning,N,27,27,1,"[R2C0]"
"18 8 2",0,P,Losing,P,28,28,0,"N/A (P-position)"
"18 8 3",5,N,Winning,N,29,29,1,"[R2C2]"
"18 8 4",0,P,Losing,P,30,30,0,"N/A (P-position)"
"18 8 5",5,N,Winning,N,31,31,1,"[R2C4]"
"18 8 6",0,P,Losing,P,32,32,0,"N/A (P-position)"
"18 8 7",5,N,Winning,N,31,33,2,"[R0C17,R1C7] / [R2C6]"
"18 8 8",0,P,Losing,P,34,34,0,"N/A (P-position)"
"18 9 1",7,N,Winning,N,27,28,1,"[R1C8,R2C0]"
"18 9 2",3,N,Winning,N,29,29,1,"[R1C8]"
"18 9 3",6,N,Winning,N,29,30,1,"[R1C8,R2C2]"
"18 9 4",3,N,Winning,N,31,31,1,"[R1C8]"
"18 9 5",6,N,Winning,N,31,32,1,"[R1C8,R2C4]"
"18 9 6",3,N,Winning,N,33,33,1,"[R1C8]"
"18 9 7",6,N,Winning,N,33,34,1,"[R1C8,R2C6]"
"18 9 8",2,N,Winning,N,35,35,1,"[R1C8]"
"18 9 9",1,N,Winning,N,35,36,1,"[R0C17]"
"18 10 1",5,N,Winning,N,29,29,1,"[R2C0]"
"18 10 2",0,P,Losing,P,30,30,0,"N/A (P-position)"
"18 10 3",5,N,Winning,N,31,31,1,"[R2C2]"
"18 10 4",0,P,Losing,P,32,32,0,"N/A (P-position)"
"18 10 5",5,N,Winning,N,33,33,1,"[R2C4]"
"18 10 6",0,P,Losing,P,34,34,0,"N/A (P-position)"
"18 10 7",5,N,Winning,N,35,35,1,"[R2C6]"
"18 10 8",0,P,Losing,P,36,36,0,"N/A (P-position)"
"18 10 9",6,N,Winning,N,35,37,2,"[R0C17,R1C9] / [R2C8]"
"18 10 10",0,P,Losing,P,38,38,0,"N/A (P-position)"
"18 11 1",7,N,Winning,N,29,30,1,"[R1C10,R2C0]"
"18 11 2",3,N,Winning,N,31,31,1,"[R1C10]"
"18 11 3",6,N,Winning,N,31,32,1,"[R1C10,R2C2]"
"18 11 4",3,N,Winning,N,33,33,1,"[R1C10]"
"18 11 5",6,N,Winning,N,33,34,1,"[R1C10,R2C4]"
"18 11 6",3,N,Winning,N,35,35,1,"[R1C10]"
"18 11 7",6,N,Winning,N,35,36,1,"[R1C10,R2C6]"
"18 11 8",1,N,Winning,N,37,37,1,"[R1C10]"
"18 11 9",2,N,Winning,N,37,38,1,"[R1C10,R2C8]"
"18 11 10",3,N,Winning,N,39,39,1,"[R1C10]"
"18 11 11",1,N,Winning,N,39,40,1,"[R0C17]"
"18 12 1",5,N,Winning,N,31,31,1,"[R2C0]"
"18 12 2",0,P,Losing,P,32,32,0,"N/A (P-position)"
"18 12 3",5,N,Winning,N,33,33,1,"[R2C2]"
"18 12 4",0,P,Losing,P,34,34,0,"N/A (P-position)"
"18 12 5",5,N,Winning,N,35,35,1,"[R2C4]"
"18 12 6",0,P,Losing,P,36,36,0,"N/A (P-position)"
"18 12 7",1,N,Winning,N,37,37,1,"[R2C6]"
"18 12 8",0,P,Losing,P,38,38,0,"N/A (P-position)"
"18 12 9",3,N,Winning,N,39,39,1,"[R2C8]"
"18 12 10",0,P,Losing,P,40,40,0,"N/A (P-position)"
"18 12 11",5,N,Winning,N,39,41,2,"[R0C17,R1C11] / [R2C10]"
"18 12 12",0,P,Losing,P,42,42,0,"N/A (P-position)"
"18 13 1",7,N,Winning,N,31,32,1,"[R1C12,R2C0]"
"18 13 2",3,N,Winning,N,33,33,1,"[R1C12]"
"18 13 3",6,N,Winning,N,33,34,1,"[R1C12,R2C2]"
"18 13 4",3,N,Winning,N,35,35,1,"[R1C12]"
"18 13 5",6,N,Winning,N,35,36,1,"[R1C12,R2C4]"
"18 13 6",1,N,Winning,N,37,37,1,"[R1C12]"
"18 13 7",2,N,Winning,N,37,38,1,"[R1C12,R2C6]"
"18 13 8",3,N,Winning,N,39,39,1,"[R1C12]"
"18 13 9",4,N,Winning,N,39,40,1,"[R1C12,R2C8]"
"18 13 10",1,N,Winning,N,41,41,1,"[R1C12]"
"18 13 11",2,N,Winning,N,41,42,1,"[R1C12,R2C10]"
"18 13 12",6,N,Winning,N,43,43,1,"[R1C12]"
"18 13 13",1,N,Winning,N,43,44,1,"[R0C17]"
"18 14 1",5,N,Winning,N,33,33,1,"[R2C0]"
"18 14 2",0,P,Losing,P,34,34,0,"N/A (P-position)"
"18 14 3",5,N,Winning,N,35,35,1,"[R2C2]"
"18 14 4",0,P,Losing,P,36,36,0,"N/A (P-position)"
"18 14 5",1,N,Winning,N,37,37,1,"[R2C4]"
"18 14 6",0,P,Losing,P,38,38,0,"N/A (P-position)"
"18 14 7",3,N,Winning,N,39,39,1,"[R2C6]"
"18 14 8",0,P,Losing,P,40,40,0,"N/A (P-position)"
"18 14 9",1,N,Winning,N,41,41,1,"[R2C8]"
"18 14 10",0,P,Losing,P,42,42,0,"N/A (P-position)"
"18 14 11",3,N,Winning,N,43,43,1,"[R2C10]"
"18 14 12",0,P,Losing,P,44,44,0,"N/A (P-position)"
"18 14 13",2,N,Winning,N,43,45,2,"[R0C17,R1C13] / [R2C12]"
"18 14 14",0,P,Losing,P,46,46,0,"N/A (P-position)"
"18 15 1",7,N,Winning,N,33,34,1,"[R1C14,R2C0]"
"18 15 2",3,N,Winning,N,35,35,1,"[R1C14]"
"18 15 3",6,N,Winning,N,35,36,1,"[R1C14,R2C2]"
"18 15 4",1,N,Winning,N,37,37,1,"[R1C14]"
"18 15 5",2,N,Winning,N,37,38,1,"[R1C14,R2C4]"
"18 15 6",3,N,Winning,N,39,39,1,"[R1C14]"
"18 15 7",4,N,Winning,N,39,40,1,"[R1C14,R2C6]"
"18 15 8",1,N,Winning,N,41,41,1,"[R1C14]"
"18 15 9",2,N,Winning,N,41,42,1,"[R1C14,R2C8]"
"18 15 10",3,N,Winning,N,43,43,1,"[R1C14]"
"18 15 11",4,N,Winning,N,43,44,1,"[R1C14,R2C10]"
"18 15 12",1,N,Winning,N,45,45,1,"[R1C14]"
"18 15 13",3,N,Winning,N,45,46,1,"[R1C14,R2C12]"
"18 15 14",4,N,Winning,N,47,47,1,"[R1C14]"
"18 15 15",1,N,Winning,N,47,48,1,"[R0C17]"
"18 16 1",5,N,Winning,N,35,35,1,"[R2C0]"
"18 16 2",0,P,Losing,P,36,36,0,"N/A (P-position)"
"18 16 3",1,N,Winning,N,37,37,1,"[R2C2]"
"18 16 4",0,P,Losing,P,38,38,0,"N/A (P-position)"
"18 16 5",3,N,Winning,N,39,39,1,"[R2C4]"
"18 16 6",0,P,Losing,P,40,40,0,"N/A (P-position)"
"18 16 7",1,N,Winning,N,41,41,1,"[R2C6]"
"18 16 8",0,P,Losing,P,42,42,0,"N/A (P-position)"
"18 16 9",3,N,Winning,N,43,43,1,"[R2C8]"
"18 16 10",0,P,Losing,P,44,44,0,"N/A (P-position)"
"18 16 11",1,N,Winning,N,45,45,1,"[R2C10]"
"18 16 12",0,P,Losing,P,46,46,0,"N/A (P-position)"
"18 16 13",4,N,Winning,N,47,47,1,"[R2C12]"
"18 16 14",0,P,Losing,P,48,48,0,"N/A (P-position)"
"18 16 15",2,N,Winning,N,47,49,2,"[R0C17,R1C15] / [R2C14]"
"18 16 16",0,P,Losing,P,50,50,0,"N/A (P-position)"
"18 17 1",3,N,Winning,N,35,36,2,"[R0C17,R2C0] / [R1C16,R2C0]"
"18 17 2",1,N,Winning,N,37,37,2,"[R0C17] / [R1C16]"
"18 17 3",2,N,Winning,N,37,38,2,"[R0C17,R2C2] / [R1C16,R2C2]"
"18 17 4",3,N,Winning,N,39,39,2,"[R0C17] / [R1C16]"
"18 17 5",4,N,Winning,N,39,40,2,"[R0C17,R2C4] / [R1C16,R2C4]"
"18 17 6",1,N,Winning,N,41,41,2,"[R0C17] / [R1C16]"
"18 17 7",2,N,Winning,N,41,42,2,"[R0C17,R2C6] / [R1C16,R2C6]"
"18 17 8",3,N,Winning,N,43,43,2,"[R0C17] / [R1C16]"
"18 17 9",4,N,Winning,N,43,44,2,"[R0C17,R2C8] / [R1C16,R2C8]"
"18 17 10",1,N,Winning,N,45,45,2,"[R0C17] / [R1C16]"
"18 17 11",2,N,Winning,N,45,46,2,"[R0C17,R2C10] / [R1C16,R2C10]"
"18 17 12",3,N,Winning,N,47,47,2,"[R0C17] / [R1C16]"
"18 17 13",5,N,Winning,N,47,48,2,"[R0C17,R2C12] / [R1C16,R2C12]"
"18 17 14",1,N,Winning,N,49,49,2,"[R0C17] / [R1C16]"
"18 17 15",3,N,Winning,N,49,50,2,"[R0C17,R2C14] / [R1C16,R2C14]"
"18 17 16",5,N,Winning,N,51,51,2,"[R0C17] / [R1C16]"
"18 17 17",2,N,Winning,N,51,52,1,"[R0C17,R2C16]"
"18 18 1",1,N,Winning,N,37,37,1,"[R2C0]"
"18 18 2",0,P,Losing,P,38,38,0,"N/A (P-position)"
"18 18 3",3,N,Winning,N,39,39,1,"[R2C2]"
"18 18 4",0,P,Losing,P,40,40,0,"N/A (P-position)"
"18 18 5",1,N,Winning,N,41,41,1,"[R2C4]"
"18 18 6",0,P,Losing,P,42,42,0,"N/A (P-position)"
"18 18 7",3,N,Winning,N,43,43,1,"[R2C6]"
"18 18 8",0,P,Losing,P,44,44,0,"N/A (P-position)"
"18 18 9",1,N,Winning,N,45,45,1,"[R2C8]"
"18 18 10",0,P,Losing,P,46,46,0,"N/A (P-position)"
"18 18 11",3,N,Winning,N,47,47,1,"[R2C10]"
"18 18 12",0,P,Losing,P,48,48,0,"N/A (P-position)"
"18 18 13",1,N,Winning,N,49,49,1,"[R2C12]"
"18 18 14",0,P,Losing,P,50,50,0,"N/A (P-position)"
"18 18 15",2,N,Winning,N,51,51,1,"[R2C14]"
"18 18 16",0,P,Losing,P,52,52,0,"N/A (P-position)"
"18 18 17",1,N,Winning,N,53,53,1,"[R2C16]"
"18 18 18",0,P,Losing,P,54,54,0,"N/A (P-position)"
"19 1 1",0,P,Losing,P,20,21,0,"N/A (P-position)"
"19 2 1",4,N,Winning,N,21,22,2,"[R1C1] / [R0C18,R2C0]"
"19 2 2",1,N,Winning,N,23,23,1,"[R0C18]"
"19 3 1",6,N,Winning,N,21,23,1,"[R0C18,R1C2,R2C0]"
"19 3 2",2,N,Winning,N,23,24,1,"[R0C18,R1C2]"
"19 3 3",0,P,Losing,P,24,25,0,"N/A (P-position)"
"19 4 1",4,N,Winning,N,23,24,1,"[R0C18,R2C0]"
"19 4 2",1,N,Winning,N,25,25,1,"[R0C18]"
"19 4 3",4,N,Winning,N,25,26,2,"[R1C3] / [R0C18,R2C2]"
"19 4 4",1,N,Winning,N,27,27,1,"[R0C18]"
"19 5 1",6,N,Winning,N,23,25,1,"[R0C18,R1C4,R2C0]"
"19 5 2",2,N,Winning,N,25,26,1,"[R0C18,R1C4]"
"19 5 3",7,N,Winning,N,25,27,1,"[R0C18,R1C4,R2C2]"
"19 5 4",3,N,Winning,N,27,28,1,"[R0C18,R1C4]"
"19 5 5",0,P,Losing,P,28,29,0,"N/A (P-position)"
"19 6 1",4,N,Winning,N,25,26,1,"[R0C18,R2C0]"
"19 6 2",1,N,Winning,N,27,27,1,"[R0C18]"
"19 6 3",4,N,Winning,N,27,28,1,"[R0C18,R2C2]"
"19 6 4",1,N,Winning,N,29,29,1,"[R0C18]"
"19 6 5",4,N,Winning,N,29,30,2,"[R1C5] / [R0C18,R2C4]"
"19 6 6",1,N,Winning,N,31,31,1,"[R0C18]"
"19 7 1",6,N,Winning,N,25,27,1,"[R0C18,R1C6,R2C0]"
"19 7 2",2,N,Winning,N,27,28,1,"[R0C18,R1C6]"
"19 7 3",7,N,Winning,N,27,29,1,"[R0C18,R1C6,R2C2]"
"19 7 4",2,N,Winning,N,29,30,1,"[R0C18,R1C6]"
"19 7 5",7,N,Winning,N,29,31,1,"[R0C18,R1C6,R2C4]"
"19 7 6",3,N,Winning,N,31,32,1,"[R0C18,R1C6]"
"19 7 7",0,P,Losing,P,32,33,0,"N/A (P-position)"
"19 8 1",4,N,Winning,N,27,28,1,"[R0C18,R2C0]"
"19 8 2",1,N,Winning,N,29,29,1,"[R0C18]"
"19 8 3",4,N,Winning,N,29,30,1,"[R0C18,R2C2]"
"19 8 4",1,N,Winning,N,31,31,1,"[R0C18]"
"19 8 5",4,N,Winning,N,31,32,1,"[R0C18,R2C4]"
"19 8 6",1,N,Winning,N,33,33,1,"[R0C18]"
"19 8 7",4,N,Winning,N,33,34,2,"[R1C7] / [R0C18,R2C6]"
"19 8 8",1,N,Winning,N,35,35,1,"[R0C18]"
"19 9 1",6,N,Winning,N,27,29,1,"[R0C18,R1C8,R2C0]"
"19 9 2",2,N,Winning,N,29,30,1,"[R0C18,R1C8]"
"19 9 3",7,N,Winning,N,29,31,1,"[R0C18,R1C8,R2C2]"
"19 9 4",2,N,Winning,N,31,32,1,"[R0C18,R1C8]"
"19 9 5",7,N,Winning,N,31,33,1,"[R0C18,R1C8,R2C4]"
"19 9 6",2,N,Winning,N,33,34,1,"[R0C18,R1C8]"
"19 9 7",7,N,Winning,N,33,35,1,"[R0C18,R1C8,R2C6]"
"19 9 8",3,N,Winning,N,35,36,1,"[R0C18,R1C8]"
"19 9 9",0,P,Losing,P,36,37,0,"N/A (P-position)"
"19 10 1",4,N,Winning,N,29,30,1,"[R0C18,R2C0]"
"19 10 2",1,N,Winning,N,31,31,1,"[R0C18]"
"19 10 3",4,N,Winning,N,31,32,1,"[R0C18,R2C2]"
"19 10 4",1,N,Winning,N,33,33,1,"[R0C18]"
"19 10 5",4,N,Winning,N,33,34,1,"[R0C18,R2C4]"
"19 10 6",1,N,Winning,N,35,35,1,"[R0C18]"
"19 10 7",4,N,Winning,N,35,36,1,"[R0C18,R2C6]"
"19 10 8",1,N,Winning,N,37,37,1,"[R0C18]"
"19 10 9",4,N,Winning,N,37,38,2,"[R1C9] / [R0C18,R2C8]"
"19 10 10",1,N,Winning,N,39,39,1,"[R0C18]"
"19 11 1",6,N,Winning,N,29,31,1,"[R0C18,R1C10,R2C0]"
"19 11 2",2,N,Winning,N,31,32,1,"[R0C18,R1C10]"
"19 11 3",7,N,Winning,N,31,33,1,"[R0C18,R1C10,R2C2]"
"19 11 4",2,N,Winning,N,33,34,1,"[R0C18,R1C10]"
"19 11 5",7,N,Winning,N,33,35,1,"[R0C18,R1C10,R2C4]"
"19 11 6",2,N,Winning,N,35,36,1,"[R0C18,R1C10]"
"19 11 7",7,N,Winning,N,35,37,1,"[R0C18,R1C10,R2C6]"
"19 11 8",2,N,Winning,N,37,38,1,"[R0C18,R1C10]"
"19 11 9",3,N,Winning,N,37,39,1,"[R0C18,R1C10,R2C8]"
"19 11 10",5,N,Winning,N,39,40,1,"[R0C18,R1C10]"
"19 11 11",0,P,Losing,P,40,41,0,"N/A (P-position)"
"19 12 1",4,N,Winning,N,31,32,1,"[R0C18,R2C0]"
"19 12 2",1,N,Winning,N,33,33,1,"[R0C18]"
"19 12 3",4,N,Winning,N,33,34,1,"[R0C18,R2C2]"
"19 12 4",1,N,Winning,N,35,35,1,"[R0C18]"
"19 12 5",4,N,Winning,N,35,36,1,"[R0C18,R2C4]"
"19 12 6",1,N,Winning,N,37,37,1,"[R0C18]"
"19 12 7",4,N,Winning,N,37,38,1,"[R0C18,R2C6]"
"19 12 8",3,N,Winning,N,39,39,1,"[R0C18]"
"19 12 9",4,N,Winning,N,39,40,1,"[R0C18,R2C8]"
"19 12 10",1,N,Winning,N,41,41,1,"[R0C18]"
"19 12 11",2,N,Winning,N,41,42,2,"[R1C11] / [R0C18,R2C10]"
"19 12 12",1,N,Winning,N,43,43,1,"[R0C18]"
"19 13 1",6,N,Winning,N,31,33,1,"[R0C18,R1C12,R2C0]"
"19 13 2",2,N,Winning,N,33,34,1,"[R0C18,R1C12]"
"19 13 3",7,N,Winning,N,33,35,1,"[R0C18,R1C12,R2C2]"
"19 13 4",2,N,Winning,N,35,36,1,"[R0C18,R1C12]"
"19 13 5",7,N,Winning,N,35,37,1,"[R0C18,R1C12,R2C4]"
"19 13 6",2,N,Winning,N,37,38,1,"[R0C18,R1C12]"
"19 13 7",3,N,Winning,N,37,39,1,"[R0C18,R1C12,R2C6]"
"19 13 8",5,N,Winning,N,39,40,1,"[R0C18,R1C12]"
"19 13 9",1,N,Winning,N,39,41,1,"[R0C18,R1C12,R2C8]"
"19 13 10",2,N,Winning,N,41,42,1,"[R0C18,R1C12]"
"19 13 11",3,N,Winning,N,41,43,1,"[R0C18,R1C12,R2C10]"
"19 13 12",4,N,Winning,N,43,44,1,"[R0C18,R1C12]"
"19 13 13",0,P,Losing,P,44,45,0,"N/A (P-position)"
"19 14 1",4,N,Winning,N,33,34,1,"[R0C18,R2C0]"
"19 14 2",1,N,Winning,N,35,35,1,"[R0C18]"
"19 14 3",4,N,Winning,N,35,36,1,"[R0C18,R2C2]"
"19 14 4",1,N,Winning,N,37,37,1,"[R0C18]"
"19 14 5",4,N,Winning,N,37,38,1,"[R0C18,R2C4]"
"19 14 6",3,N,Winning,N,39,39,1,"[R0C18]"
"19 14 7",4,N,Winning,N,39,40,1,"[R0C18,R2C6]"
"19 14 8",1,N,Winning,N,41,41,1,"[R0C18]"
"19 14 9",2,N,Winning,N,41,42,1,"[R0C18,R2C8]"
"19 14 10",3,N,Winning,N,43,43,1,"[R0C18]"
"19 14 11",4,N,Winning,N,43,44,1,"[R0C18,R2C10]"
"19 14 12",1,N,Winning,N,45,45,1,"[R0C18]"
"19 14 13",3,N,Winning,N,45,46,2,"[R1C13] / [R0C18,R2C12]"
"19 14 14",1,N,Winning,N,47,47,1,"[R0C18]"
"19 15 1",6,N,Winning,N,33,35,1,"[R0C18,R1C14,R2C0]"
"19 15 2",2,N,Winning,N,35,36,1,"[R0C18,R1C14]"
"19 15 3",7,N,Winning,N,35,37,1,"[R0C18,R1C14,R2C2]"
"19 15 4",2,N,Winning,N,37,38,1,"[R0C18,R1C14]"
"19 15 5",3,N,Winning,N,37,39,1,"[R0C18,R1C14,R2C4]"
"19 15 6",5,N,Winning,N,39,40,1,"[R0C18,R1C14]"
"19 15 7",1,N,Winning,N,39,41,1,"[R0C18,R1C14,R2C6]"
"19 15 8",2,N,Winning,N,41,42,1,"[R0C18,R1C14]"
"19 15 9",3,N,Winning,N,41,43,1,"[R0C18,R1C14,R2C8]"
"19 15 10",4,N,Winning,N,43,44,1,"[R0C18,R1C14]"
"19 15 11",1,N,Winning,N,43,45,1,"[R0C18,R1C14,R2C10]"
"19 15 12",2,N,Winning,N,45,46,1,"[R0C18,R1C14]"
"19 15 13",4,N,Winning,N,45,47,1,"[R0C18,R1C14,R2C12]"
"19 15 14",5,N,Winning,N,47,48,1,"[R0C18,R1C14]"
"19 15 15",0,P,Losing,P,48,49,0,"N/A (P-position)"
"19 16 1",4,N,Winning,N,35,36,1,"[R0C18,R2C0]"
"19 16 2",1,N,Winning,N,37,37,1,"[R0C18]"
"19 16 3",4,N,Winning,N,37,38,1,"[R0C18,R2C2]"
"19 16 4",3,N,Winning,N,39,39,1,"[R0C18]"
"19 16 5",4,N,Winning,N,39,40,1,"[R0C18,R2C4]"
"19 16 6",1,N,Winning,N,41,41,1,"[R0C18]"
"19 16 7",2,N,Winning,N,41,42,1,"[R0C18,R2C6]"
"19 16 8",3,N,Winning,N,43,43,1,"[R0C18]"
"19 16 9",4,N,Winning,N,43,44,1,"[R0C18,R2C8]"
"19 16 10",1,N,Winning,N,45,45,1,"[R0C18]"
"19 16 11",2,N,Winning,N,45,46,1,"[R0C18,R2C10]"
"19 16 12",3,N,Winning,N,47,47,1,"[R0C18]"
"19 16 13",5,N,Winning,N,47,48,1,"[R0C18,R2C12]"
"19 16 14",1,N,Winning,N,49,49,1,"[R0C18]"
"19 16 15",3,N,Winning,N,49,50,2,"[R1C15] / [R0C18,R2C14]"
"19 16 16",1,N,Winning,N,51,51,1,"[R0C18]"
"19 17 1",6,N,Winning,N,35,37,1,"[R0C18,R1C16,R2C0]"
"19 17 2",2,N,Winning,N,37,38,1,"[R0C18,R1C16]"
"19 17 3",3,N,Winning,N,37,39,1,"[R0C18,R1C16,R2C2]"
"19 17 4",5,N,Winning,N,39,40,1,"[R0C18,R1C16]"
"19 17 5",1,N,Winning,N,39,41,1,"[R0C18,R1C16,R2C4]"
"19 17 6",2,N,Winning,N,41,42,1,"[R0C18,R1C16]"
"19 17 7",3,N,Winning,N,41,43,1,"[R0C18,R1C16,R2C6]"
"19 17 8",4,N,Winning,N,43,44,1,"[R0C18,R1C16]"
"19 17 9",1,N,Winning,N,43,45,1,"[R0C18,R1C16,R2C8]"
"19 17 10",2,N,Winning,N,45,46,1,"[R0C18,R1C16]"
"19 17 11",3,N,Winning,N,45,47,1,"[R0C18,R1C16,R2C10]"
"19 17 12",4,N,Winning,N,47,48,1,"[R0C18,R1C16]"
"19 17 13",1,N,Winning,N,47,49,1,"[R0C18,R1C16,R2C12]"
"19 17 14",2,N,Winning,N,49,50,1,"[R0C18,R1C16]"
"19 17 15",4,N,Winning,N,49,51,1,"[R0C18,R1C16,R2C14]"
"19 17 16",6,N,Winning,N,51,52,1,"[R0C18,R1C16]"
"19 17 17",0,P,Losing,P,52,53,0,"N/A (P-position)"
"19 18 1",4,N,Winning,N,37,38,1,"[R0C18,R2C0]"
"19 18 2",5,N,Winning,N,39,39,1,"[R0C18]"
"19 18 3",4,N,Winning,N,39,40,1,"[R0C18,R2C2]"
"19 18 4",1,N,Winning,N,41,41,1,"[R0C18]"
"19 18 5",2,N,Winning,N,41,42,1,"[R0C18,R2C4]"
"19 18 6",3,N,Winning,N,43,43,1,"[R0C18]"
"19 18 7",4,N,Winning,N,43,44,1,"[R0C18,R2C6]"
"19 18 8",1,N,Winning,N,45,45,1,"[R0C18]"
"19 18 9",2,N,Winning,N,45,46,1,"[R0C18,R2C8]"
"19 18 10",3,N,Winning,N,47,47,1,"[R0C18]"
"19 18 11",4,N,Winning,N,47,48,1,"[R0C18,R2C10]"
"19 18 12",1,N,Winning,N,49,49,1,"[R0C18]"
"19 18 13",2,N,Winning,N,49,50,1,"[R0C18,R2C12]"
"19 18 14",3,N,Winning,N,51,51,1,"[R0C18]"
"19 18 15",5,N,Winning,N,51,52,1,"[R0C18,R2C14]"
"19 18 16",1,N,Winning,N,53,53,1,"[R0C18]"
"19 18 17",3,N,Winning,N,53,54,2,"[R1C17] / [R0C18,R2C16]"
"19 18 18",2,N,Winning,N,55,55,1,"[R0C18]"
"19 19 1",2,N,Winning,N,39,39,1,"[R2C0]"
"19 19 2",0,P,Losing,P,40,40,0,"N/A (P-position)"
"19 19 3",1,N,Winning,N,41,41,1,"[R2C2]"
"19 19 4",0,P,Losing,P,42,42,0,"N/A (P-position)"
"19 19 5",3,N,Winning,N,43,43,1,"[R2C4]"
"19 19 6",0,P,Losing,P,44,44,0,"N/A (P-position)"
"19 19 7",1,N,Winning,N,45,45,1,"[R2C6]"
"19 19 8",0,P,Losing,P,46,46,0,"N/A (P-position)"
"19 19 9",3,N,Winning,N,47,47,1,"[R2C8]"
"19 19 10",0,P,Losing,P,48,48,0,"N/A (P-position)"
"19 19 11",1,N,Winning,N,49,49,1,"[R2C10]"
"19 19 12",0,P,Losing,P,50,50,0,"N/A (P-position)"
"19 19 13",3,N,Winning,N,51,51,1,"[R2C12]"
"19 19 14",0,P,Losing,P,52,52,0,"N/A (P-position)"
"19 19 15",1,N,Winning,N,53,53,1,"[R2C14]"
"19 19 16",0,P,Losing,P,54,54,0,"N/A (P-position)"
"19 19 17",2,N,Winning,N,55,55,1,"[R2C16]"
"19 19 18",0,P,Losing,P,56,56,0,"N/A (P-position)"
"19 19 19",1,N,Winning,N,57,57,1,"[R2C18]"
"20 1 1",1,N,Winning,N,21,22,1,"[R0C19]"
"20 2 1",5,N,Winning,N,21,23,2,"[R0C19,R1C1] / [R2C0]"
"20 2 2",0,P,Losing,P,24,24,0,"N/A (P-position)"
"20 3 1",7,N,Winning,N,23,24,1,"[R1C2,R2C0]"
"20 3 2",3,N,Winning,N,25,25,1,"[R1C2]"
"20 3 3",1,N,Winning,N,25,26,1,"[R0C19]"
"20 4 1",5,N,Winning,N,25,25,1,"[R2C0]"
"20 4 2",0,P,Losing,P,26,26,0,"N/A (P-position)"
"20 4 3",5,N,Winning,N,25,27,2,"[R0C19,R1C3] / [R2C2]"
"20 4 4",0,P,Losing,P,28,28,0,"N/A (P-position)"
"20 5 1",7,N,Winning,N,25,26,1,"[R1C4,R2C0]"
"20 5 2",3,N,Winning,N,27,27,1,"[R1C4]"
"20 5 3",6,N,Winning,N,27,28,1,"[R1C4,R2C2]"
"20 5 4",2,N,Winning,N,29,29,1,"[R1C4]"
"20 5 5",1,N,Winning,N,29,30,1,"[R0C19]"
"20 6 1",5,N,Winning,N,27,27,1,"[R2C0]"
"20 6 2",0,P,Losing,P,28,28,0,"N/A (P-position)"
"20 6 3",5,N,Winning,N,29,29,1,"[R2C2]"
"20 6 4",0,P,Losing,P,30,30,0,"N/A (P-position)"
"20 6 5",5,N,Winning,N,29,31,2,"[R0C19,R1C5] / [R2C4]"
"20 6 6",0,P,Losing,P,32,32,0,"N/A (P-position)"
"20 7 1",7,N,Winning,N,27,28,1,"[R1C6,R2C0]"
"20 7 2",3,N,Winning,N,29,29,1,"[R1C6]"
"20 7 3",6,N,Winning,N,29,30,1,"[R1C6,R2C2]"
"20 7 4",3,N,Winning,N,31,31,1,"[R1C6]"
"20 7 5",6,N,Winning,N,31,32,1,"[R1C6,R2C4]"
"20 7 6",2,N,Winning,N,33,33,1,"[R1C6]"
"20 7 7",1,N,Winning,N,33,34,1,"[R0C19]"
"20 8 1",5,N,Winning,N,29,29,1,"[R2C0]"
"20 8 2",0,P,Losing,P,30,30,0,"N/A (P-position)"
"20 8 3",5,N,Winning,N,31,31,1,"[R2C2]"
"20 8 4",0,P,Losing,P,32,32,0,"N/A (P-position)"
"20 8 5",5,N,Winning,N,33,33,1,"[R2C4]"
"20 8 6",0,P,Losing,P,34,34,0,"N/A (P-position)"
"20 8 7",5,N,Winning,N,33,35,2,"[R0C19,R1C7] / [R2C6]"
"20 8 8",0,P,Losing,P,36,36,0,"N/A (P-position)"
"20 9 1",7,N,Winning,N,29,30,1,"[R1C8,R2C0]"
"20 9 2",3,N,Winning,N,31,31,1,"[R1C8]"
"20 9 3",6,N,Winning,N,31,32,1,"[R1C8,R2C2]"
"20 9 4",3,N,Winning,N,33,33,1,"[R1C8]"
"20 9 5",6,N,Winning,N,33,34,1,"[R1C8,R2C4]"
"20 9 6",3,N,Winning,N,35,35,1,"[R1C8]"
"20 9 7",6,N,Winning,N,35,36,1,"[R1C8,R2C6]"
"20 9 8",2,N,Winning,N,37,37,1,"[R1C8]"
"20 9 9",1,N,Winning,N,37,38,1,"[R0C19]"
"20 10 1",5,N,Winning,N,31,31,1,"[R2C0]"
"20 10 2",0,P,Losing,P,32,32,0,"N/A (P-position)"
"20 10 3",5,N,Winning,N,33,33,1,"[R2C2]"
"20 10 4",0,P,Losing,P,34,34,0,"N/A (P-position)"
"20 10 5",5,N,Winning,N,35,35,1,"[R2C4]"
"20 10 6",0,P,Losing,P,36,36,0,"N/A (P-position)"
"20 10 7",5,N,Winning,N,37,37,1,"[R2C6]"
"20 10 8",0,P,Losing,P,38,38,0,"N/A (P-position)"
"20 10 9",5,N,Winning,N,37,39,2,"[R0C19,R1C9] / [R2C8]"
"20 10 10",0,P,Losing,P,40,40,0,"N/A (P-position)"
"20 11 1",7,N,Winning,N,31,32,1,"[R1C10,R2C0]"
"20 11 2",3,N,Winning,N,33,33,1,"[R1C10]"
"20 11 3",6,N,Winning,N,33,34,1,"[R1C10,R2C2]"
"20 11 4",3,N,Winning,N,35,35,1,"[R1C10]"
"20 11 5",6,N,Winning,N,35,36,1,"[R1C10,R2C4]"
"20 11 6",3,N,Winning,N,37,37,1,"[R1C10]"
"20 11 7",6,N,Winning,N,37,38,1,"[R1C10,R2C6]"
"20 11 8",3,N,Winning,N,39,39,1,"[R1C10]"
"20 11 9",6,N,Winning,N,39,40,1,"[R1C10,R2C8]"
"20 11 10",2,N,Winning,N,41,41,1,"[R1C10]"
"20 11 11",1,N,Winning,N,41,42,1,"[R0C19]"
"20 12 1",5,N,Winning,N,33,33,1,"[R2C0]"
"20 12 2",0,P,Losing,P,34,34,0,"N/A (P-position)"
"20 12 3",5,N,Winning,N,35,35,1,"[R2C2]"
"20 12 4",0,P,Losing,P,36,36,0,"N/A (P-position)"
"20 12 5",5,N,Winning,N,37,37,1,"[R2C4]"
"20 12 6",0,P,Losing,P,38,38,0,"N/A (P-position)"
"20 12 7",5,N,Winning,N,39,39,1,"[R2C6]"
"20 12 8",0,P,Losing,P,40,40,0,"N/A (P-position)"
"20 12 9",1,N,Winning,N,41,41,1,"[R2C8]"
"20 12 10",0,P,Losing,P,42,42,0,"N/A (P-position)"
"20 12 11",3,N,Winning,N,41,43,2,"[R0C19,R1C11] / [R2C10]"
"20 12 12",0,P,Losing,P,44,44,0,"N/A (P-position)"
"20 13 1",7,N,Winning,N,33,34,1,"[R1C12,R2C0]"
"20 13 2",3,N,Winning,N,35,35,1,"[R1C12]"
"20 13 3",6,N,Winning,N,35,36,1,"[R1C12,R2C2]"
"20 13 4",3,N,Winning,N,37,37,1,"[R1C12]"
"20 13 5",6,N,Winning,N,37,38,1,"[R1C12,R2C4]"
"20 13 6",3,N,Winning,N,39,39,1,"[R1C12]"
"20 13 7",6,N,Winning,N,39,40,1,"[R1C12,R2C6]"
"20 13 8",1,N,Winning,N,41,41,1,"[R1C12]"
"20 13 9",2,N,Winning,N,41,42,1,"[R1C12,R2C8]"
"20 13 10",3,N,Winning,N,43,43,1,"[R1C12]"
"20 13 11",4,N,Winning,N,43,44,1,"[R1C12,R2C10]"
"20 13 12",5,N,Winning,N,45,45,1,"[R1C12]"
"20 13 13",1,N,Winning,N,45,46,1,"[R0C19]"
"20 14 1",5,N,Winning,N,35,35,1,"[R2C0]"
"20 14 2",0,P,Losing,P,36,36,0,"N/A (P-position)"
"20 14 3",5,N,Winning,N,37,37,1,"[R2C2]"
"20 14 4",0,P,Losing,P,38,38,0,"N/A (P-position)"
"20 14 5",5,N,Winning,N,39,39,1,"[R2C4]"
"20 14 6",0,P,Losing,P,40,40,0,"N/A (P-position)"
"20 14 7",1,N,Winning,N,41,41,1,"[R2C6]"
"20 14 8",0,P,Losing,P,42,42,0,"N/A (P-position)"
"20 14 9",3,N,Winning,N,43,43,1,"[R2C8]"
"20 14 10",0,P,Losing,P,44,44,0,"N/A (P-position)"
"20 14 11",1,N,Winning,N,45,45,1,"[R2C10]"
"20 14 12",0,P,Losing,P,46,46,0,"N/A (P-position)"
"20 14 13",2,N,Winning,N,45,47,2,"[R0C19,R1C13] / [R2C12]"
"20 14 14",0,P,Losing,P,48,48,0,"N/A (P-position)"
"20 15 1",7,N,Winning,N,35,36,1,"[R1C14,R2C0]"
"20 15 2",3,N,Winning,N,37,37,1,"[R1C14]"
"20 15 3",6,N,Winning,N,37,38,1,"[R1C14,R2C2]"
"20 15 4",3,N,Winning,N,39,39,1,"[R1C14]"
"20 15 5",6,N,Winning,N,39,40,1,"[R1C14,R2C4]"
"20 15 6",1,N,Winning,N,41,41,1,"[R1C14]"
"20 15 7",2,N,Winning,N,41,42,1,"[R1C14,R2C6]"
"20 15 8",3,N,Winning,N,43,43,1,"[R1C14]"
"20 15 9",4,N,Winning,N,43,44,1,"[R1C14,R2C8]"
"20 15 10",1,N,Winning,N,45,45,1,"[R1C14]"
"20 15 11",2,N,Winning,N,45,46,1,"[R1C14,R2C10]"
"20 15 12",3,N,Winning,N,47,47,1,"[R1C14]"
"20 15 13",5,N,Winning,N,47,48,1,"[R1C14,R2C12]"
"20 15 14",6,N,Winning,N,49,49,1,"[R1C14]"
"20 15 15",1,N,Winning,N,49,50,1,"[R0C19]"
"20 16 1",5,N,Winning,N,37,37,1,"[R2C0]"
"20 16 2",0,P,Losing,P,38,38,0,"N/A (P-position)"
"20 16 3",5,N,Winning,N,39,39,1,"[R2C2]"
"20 16 4",0,P,Losing,P,40,40,0,"N/A (P-position)"
"20 16 5",1,N,Winning,N,41,41,1,"[R2C4]"
"20 16 6",0,P,Losing,P,42,42,0,"N/A (P-position)"
"20 16 7",3,N,Winning,N,43,43,1,"[R2C6]"
"20 16 8",0,P,Losing,P,44,44,0,"N/A (P-position)"
"20 16 9",1,N,Winning,N,45,45,1,"[R2C8]"
"20 16 10",0,P,Losing,P,46,46,0,"N/A (P-position)"
"20 16 11",3,N,Winning,N,47,47,1,"[R2C10]"
"20 16 12",0,P,Losing,P,48,48,0,"N/A (P-position)"
"20 16 13",1,N,Winning,N,49,49,1,"[R2C12]"
"20 16 14",0,P,Losing,P,50,50,0,"N/A (P-position)"
"20 16 15",2,N,Winning,N,49,51,2,"[R0C19,R1C15] / [R2C14]"
"20 16 16",0,P,Losing,P,52,52,0,"N/A (P-position)"
"20 17 1",7,N,Winning,N,37,38,1,"[R1C16,R2C0]"
"20 17 2",3,N,Winning,N,39,39,1,"[R1C16]"
"20 17 3",6,N,Winning,N,39,40,1,"[R1C16,R2C2]"
"20 17 4",1,N,Winning,N,41,41,1,"[R1C16]"
"20 17 5",2,N,Winning,N,41,42,1,"[R1C16,R2C4]"
"20 17 6",3,N,Winning,N,43,43,1,"[R1C16]"
"20 17 7",4,N,Winning,N,43,44,1,"[R1C16,R2C6]"
"20 17 8",1,N,Winning,N,45,45,1,"[R1C16]"
"20 17 9",2,N,Winning,N,45,46,1,"[R1C16,R2C8]"
"20 17 10",3,N,Winning,N,47,47,1,"[R1C16]"
"20 17 11",4,N,Winning,N,47,48,1,"[R1C16,R2C10]"
"20 17 12",1,N,Winning,N,49,49,1,"[R1C16]"
"20 17 13",2,N,Winning,N,49,50,1,"[R1C16,R2C12]"
"20 17 14",3,N,Winning,N,51,51,1,"[R1C16]"
"20 17 15",5,N,Winning,N,51,52,1,"[R1C16,R2C14]"
"20 17 16",7,N,Winning,N,53,53,1,"[R1C16]"
"20 17 17",1,N,Winning,N,53,54,1,"[R0C19]"
"20 18 1",5,N,Winning,N,39,39,1,"[R2C0]"
"20 18 2",0,P,Losing,P,40,40,0,"N/A (P-position)"
"20 18 3",1,N,Winning,N,41,41,1,"[R2C2]"
"20 18 4",0,P,Losing,P,42,42,0,"N/A (P-position)"
"20 18 5",3,N,Winning,N,43,43,1,"[R2C4]"
"20 18 6",0,P,Losing,P,44,44,0,"N/A (P-position)"
"20 18 7",1,N,Winning,N,45,45,1,"[R2C6]"
"20 18 8",0,P,Losing,P,46,46,0,"N/A (P-position)"
"20 18 9",3,N,Winning,N,47,47,1,"[R2C8]"
"20 18 10",0,P,Losing,P,48,48,0,"N/A (P-position)"
"20 18 11",1,N,Winning,N,49,49,1,"[R2C10]"
"20 18 12",0,P,Losing,P,50,50,0,"N/A (P-position)"
"20 18 13",3,N,Winning,N,51,51,1,"[R2C12]"
"20 18 14",0,P,Losing,P,52,52,0,"N/A (P-position)"
"20 18 15",1,N,Winning,N,53,53,1,"[R2C14]"
"20 18 16",0,P,Losing,P,54,54,0,"N/A (P-position)"
"20 18 17",2,N,Winning,N,53,55,2,"[R0C19,R1C17] / [R2C16]"
"20 18 18",0,P,Losing,P,56,56,0,"N/A (P-position)"
"20 19 1",3,N,Winning,N,39,40,2,"[R0C19,R2C0] / [R1C18,R2C0]"
"20 19 2",1,N,Winning,N,41,41,2,"[R0C19] / [R1C18]"
"20 19 3",2,N,Winning,N,41,42,2,"[R0C19,R2C2] / [R1C18,R2C2]"
"20 19 4",3,N,Winning,N,43,43,2,"[R0C19] / [R1C18]"
"20 19 5",4,N,Winning,N,43,44,2,"[R0C19,R2C4] / [R1C18,R2C4]"
"20 19 6",1,N,Winning,N,45,45,2,"[R0C19] / [R1C18]"
"20 19 7",2,N,Winning,N,45,46,2,"[R0C19,R2C6] / [R1C18,R2C6]"
"20 19 8",3,N,Winning,N,47,47,2,"[R0C19] / [R1C18]"
"20 19 9",4,N,Winning,N,47,48,2,"[R0C19,R2C8] / [R1C18,R2C8]"
"20 19 10",1,N,Winning,N,49,49,2,"[R0C19] / [R1C18]"
"20 19 11",2,N,Winning,N,49,50,2,"[R0C19,R2C10] / [R1C18,R2C10]"
"20 19 12",3,N,Winning,N,51,51,2,"[R0C19] / [R1C18]"
"20 19 13",4,N,Winning,N,51,52,2,"[R0C19,R2C12] / [R1C18,R2C12]"
"20 19 14",1,N,Winning,N,53,53,2,"[R0C19] / [R1C18]"
"20 19 15",2,N,Winning,N,53,54,2,"[R0C19,R2C14] / [R1C18,R2C14]"
"20 19 16",3,N,Winning,N,55,55,2,"[R0C19] / [R1C18]"
"20 19 17",4,N,Winning,N,55,56,2,"[R0C19,R2C16] / [R1C18,R2C16]"
"20 19 18",1,N,Winning,N,57,57,2,"[R0C19] / [R1C18]"
"20 19 19",2,N,Winning,N,57,58,1,"[R0C19,R2C18]"
"20 20 1",1,N,Winning,N,41,41,1,"[R2C0]"
"20 20 2",0,P,Losing,P,42,42,0,"N/A (P-position)"
"20 20 3",3,N,Winning,N,43,43,1,"[R2C2]"
"20 20 4",0,P,Losing,P,44,44,0,"N/A (P-position)"
"20 20 5",1,N,Winning,N,45,45,1,"[R2C4]"
"20 20 6",0,P,Losing,P,46,46,0,"N/A (P-position)"
"20 20 7",3,N,Winning,N,47,47,1,"[R2C6]"
"20 20 8",0,P,Losing,P,48,48,0,"N/A (P-position)"
"20 20 9",1,N,Winning,N,49,49,1,"[R2C8]"
"20 20 10",0,P,Losing,P,50,50,0,"N/A (P-position)"
"20 20 11",3,N,Winning,N,51,51,1,"[R2C10]"
"20 20 12",0,P,Losing,P,52,52,0,"N/A (P-position)"
"20 20 13",1,N,Winning,N,53,53,1,"[R2C12]"
"20 20 14",0,P,Losing,P,54,54,0,"N/A (P-position)"
"20 20 15",3,N,Winning,N,55,55,1,"[R2C14]"
"20 20 16",0,P,Losing,P,56,56,0,"N/A (P-position)"
"20 20 17",1,N,Winning,N,57,57,1,"[R2C16]"
"20 20 18",0,P,Losing,P,58,58,0,"N/A (P-position)"
"20 20 19",3,N,Winning,N,59,59,1,"[R2C18]"
"20 20 20",0,P,Losing,P,60,60,0,"N/A (P-position)"